stnId,stnNm,tm,avgTa,minTa,minTaHrmt,maxTa,maxTaHrmt,mi10MaxRn,mi10MaxRnHrmt,hr1MaxRn,hr1MaxRnHrmt,sumRnDur,sumRn,maxInsWs,maxInsWsWd,maxInsWsHrmt,maxWs,maxWsWd,maxWsHrmt,avgWs,hr24SumRws,maxWd,avgTd,minRhm,minRhmHrmt,avgRhm,avgPv,avgPa,maxPs,maxPsHrmt,minPs,minPsHrmt,avgPs,ssDur,sumSsHr,hr1MaxIcsrHrmt,hr1MaxIcsr,sumGsr,ddMefs,ddMefsHrmt,ddMes,ddMesHrmt,sumDpthFhsc,avgTca,avgLmac,avgTs,minTg,avgCm5Te,avgCm10Te,avgCm20Te,avgCm30Te,avgM05Te,avgM10Te,avgM15Te,avgM30Te,avgM50Te,sumLrgEv,sumSmlEv,n99Rn,iscs,sumFogDur
152,울산,2023-01-01,4.2,-0.1,708,8.2,1447,,,,,,,6.4,320,1610,4.6,320,1612,2.4,2100,290,-9.7,22,2353,37.0,3.0,1017.8,1029.6,1020,1026.1,1534,1028.0,9.8,8.7,,,,,,,,,2.1,0.0,1.0,-5.8,,,,,,,,,,,,,{연무}1010-{연무}{강도0}1200-1210.,
152,울산,2023-01-02,1.4,-1.3,2336,5.5,1435,,,,,,,6.3,320,1232,4.8,320,813,2.6,2274,320,-20.6,8,1355,19.1,1.3,1017.9,1030.4,1012,1025.8,1432,1028.2,9.8,5.9,,,,,,,,,4.9,0.0,0.6,-6.9,,,,,,,,,,,,,,
152,울산,2023-01-03,0.9,-3.9,454,5.8,1303,,,,,,,5.8,340,533,4.0,340,607,2.3,1998,360,-18.4,11,1559,23.0,1.5,1016.7,1028.2,918,1025.1,1505,1026.9,9.8,8.7,,,,,,,,,1.0,0.0,-0.8,-9.3,,,,,,,,,,,,,,
152,울산,2023-01-04,1.6,-3.9,626,7.0,1440,,,,,,,8.3,270,948,6.2,290,1117,2.5,2131,290,-12.1,27,16,35.6,2.5,1018.4,1029.9,2305,1026.9,1,1028.7,9.8,8.7,,,,,,,,,0.0,0.0,-0.4,-9.1,,,,,,,,,,,,,,
152,울산,2023-01-05,3.4,-1.3,715,8.1,1351,,,,,,,6.7,270,1315,5.0,290,1315,2.5,2139,290,-7.4,34,1608,45.8,3.5,1019.0,1031.5,1020,1027.0,1414,1029.2,9.8,7.5,,,,,,,,,3.5,0.0,0.5,-7.7,,,,,,,,,,,,,{연무}0955-{연무}{강도0}1200-{연무}{강도0}1500-{연무}{강도0}1800-{연무}{강도0}2100-{연무}{강도0}2400-,
152,울산,2023-01-06,4.1,-0.3,251,9.8,1324,,,,,,,4.1,340,415,3.1,340,611,1.4,1196,340,-5.7,24,1504,51.0,4.1,1011.8,1028.3,1,1016.1,2400,1021.9,9.9,7.9,,,,,,,,,2.4,0.8,2.0,-6.2,,,,,,,,,,,,,-{연무}-{연무}{강도0}0300-{연무}{강도0}0600-{연무}{강도0}0900-{연무}{강도0}1200-1205.,
152,울산,2023-01-07,5.3,1.1,140,8.8,1317,,,,,0.33,0.1,7.0,320,1201,4.7,320,1524,2.7,2316,320,-6.3,28,1452,44.0,3.9,1007.5,1022.8,2331,1013.2,405,1017.5,9.9,7.2,,,,,,,,,2.1,2.1,2.1,-3.4,,,,,,,,,,,,,{비}0045-0105. {연무}0450-{연무}{강도0}0600- {황사}0715-0720.{황사}{강도0}0900-{황사}{강도0}1200-1430.,
152,울산,2023-01-08,4.8,-0.2,327,11.6,1359,,,,,,,5.7,340,512,4.3,340,518,1.8,1563,340,-8.1,18,1405,41.0,3.4,1013.8,1026.0,954,1022.2,1426,1023.9,9.9,8.7,,,,,,,,,0.1,0.0,2.3,-6.7,,,,,,,,,,,,,,
152,울산,2023-01-09,7.6,1.3,457,15.2,1322,,,,,,,6.8,320,1852,4.9,340,1856,2.0,1768,340,-2.5,34,4,49.4,5.2,1012.3,1025.6,2326,1018.6,1440,1022.3,9.9,8.3,,,,,,,,,1.1,1.1,4.2,-5.9,,,,,,,,,,,,,,
152,울산,2023-01-10,5.8,1.0,628,12.0,1402,,,,,0.42,0.0,4.7,160,1433,3.1,340,555,1.6,1363,360,-1.5,40,1335,59.9,5.5,1017.7,1029.8,916,1025.6,1,1027.8,9.9,8.1,,,,,,,,,2.9,0.9,4.1,-4.1,,,,,,,,,,,,,{비}0640-0705.,
152,울산,2023-01-11,7.9,1.1,726,15.6,1457,,,,,,,4.0,200,1301,2.8,230,1352,1.2,1029,320,-6.2,11,1547,44.4,4.2,1014.7,1027.0,1,1022.4,1610,1024.7,10.0,8.8,,,,,,,,,0.9,0.0,3.8,-6.0,,,,,,,,,,,,,,
152,울산,2023-01-12,10.1,1.8,505,16.9,1335,,,,,0.28,0.0,4.1,160,1340,2.9,140,1356,1.2,1044,140,1.1,17,1323,57.3,7.4,1012.8,1025.3,1001,1020.1,2353,1022.7,10.0,8.8,,,,,,,,,2.6,2.1,5.9,-4.9,,,,,,,,,,,,,{비}2120-2125. {비}2348-{비}{강도0}2400- {박무}2350-{박무}{강도0}2400-,
152,울산,2023-01-13,13.8,11.7,14,16.2,1553,,,,,12.6,39.4,6.5,180,839,4.5,180,546,1.9,1614,160,13.3,87,1,97.0,15.3,1002.4,1020.1,1,1007.5,1539,1012.0,10.0,1.0,,,,,,,,,8.0,6.5,11.7,8.6,,,,,,,,,,,,,-{박무}-0230. -{비}-0250. {비}0330-0350. {비}0420-0540. {비}0624-{비}{강도1}0900-{비}{강도1}1200-1430. {박무}0640-{박무}{강도1}0900-{박무}{강도1}1200-{박무}{강도0}1500-1510. {박무}1540-{박무}{강도1}1800-{박무}{강도0}2100-{박무}{강도2}2400-,
152,울산,2023-01-14,9.3,7.4,2400,12.4,1,,,,,7.0,0.7,5.6,340,1043,3.7,340,1045,2.3,2007,360,7.8,81,1609,90.9,10.7,1003.6,1016.4,2228,1010.1,1,1013.4,10.0,0.0,,,,,,,,,9.3,9.1,8.8,6.2,,,,,,,,,,,,,-{박무}-{박무}{강도0}0300-0550. {비}0825-{비}{강도0}0900-0955. {박무}0830-{박무}{강도0}0900-0940. {비}1235-1440. {박무}1330-1350. {비}1720-{비}{강도0}1800-2045.,
152,울산,2023-01-15,4.8,0.7,2358,7.5,41,,,,,9.92,1.1,6.5,360,2012,4.8,340,2016,2.5,2138,340,3.0,72,2355,88.6,7.7,1005.2,1016.4,349,1012.6,1413,1015.2,10.0,0.0,,,,,,,,,8.4,6.5,5.5,-1.1,,,,,,,,,,,,,{비}0520-{비}{강도0}0600-0750. {박무}0640-0705. {비}0820-{비}{강도0}0900-0940. {박무}0825-{박무}{강도0}0900-{박무}{강도1}1200-1305. {비}0950-{비}{강도0}1200-{비}{강도0}1500-1555.,
152,울산,2023-01-16,0.6,-1.7,744,4.8,1402,,,,,,,7.1,340,956,5.0,340,959,3.5,3057,340,-7.7,40,1424,54.3,3.5,1010.7,1024.5,2312,1016.0,48,1020.9,10.0,8.8,,,,,,,,,1.6,0.3,2.2,-3.3,,,,,,,,,,,,,,
152,울산,2023-01-17,0.3,-3.1,726,5.0,1542,,,,,,,5.7,340,818,4.4,340,4,2.7,2331,340,-12.3,21,1513,39.1,2.4,1013.7,1025.4,459,1021.2,1429,1023.9,10.1,7.0,,,,,,,,,2.9,0.9,-0.3,-6.1,,,,,,,,,,,,,,
152,울산,2023-01-18,1.5,-1.4,544,6.4,1358,,,,,,,7.0,320,1712,4.7,320,1616,2.2,1876,320,-7.7,33,1414,51.5,3.4,1014.4,1026.5,925,1022.2,1439,1024.6,10.1,8.4,,,,,,,,,1.3,0.4,0.9,-5.3,,,,,,,,,,,,,,
152,울산,2023-01-19,1.6,-2.4,259,7.5,1444,,,,,,,6.7,340,1104,4.1,320,1206,1.9,1648,270,-8.4,26,1423,48.9,3.3,1013.0,1025.4,903,1020.5,1535,1023.2,10.1,9.0,1200.0,2.15,12.98,,,,,,1.4,0.0,0.5,-5.4,,,,,,,,,,1.9,2.8,,,
152,울산,2023-01-20,2.0,-3.5,2400,7.3,1202,,,,,,,11.1,320,1401,5.8,320,1403,2.7,2335,270,-12.4,18,1514,35.9,2.6,1013.6,1029.0,2219,1020.5,442,1023.8,10.1,8.6,1200.0,2.09,12.57,,,,,,1.9,0.4,-0.3,-6.1,,,,,,,,,,2.6,3.8,,,
152,울산,2023-01-21,-1.2,-5.9,733,4.7,1508,,,,,,,8.4,340,538,5.0,340,239,3.1,2705,20,-17.4,12,1522,29.3,1.6,1018.1,1030.1,952,1027.0,1356,1028.5,10.1,9.1,1200.0,2.27,13.93,,,,,,0.6,0.0,-3.1,-7.5,,,,,,,,,,2.4,3.4,,,
152,울산,2023-01-22,2.1,-3.4,346,6.4,1515,,,,,,,5.9,320,2353,3.9,320,2400,1.4,1240,320,-10.6,25,20,39.1,2.9,1015.0,1028.6,21,1022.5,2149,1025.3,10.2,0.0,1200.0,0.76,4.76,,,,,,6.8,1.9,-0.9,-6.8,,,,,,,,,,1.2,1.8,,,
152,울산,2023-01-23,4.6,-0.3,734,9.1,1459,,,,,,,9.7,250,1224,5.7,360,1214,2.6,2274,270,-7.0,28,1500,43.5,3.6,1009.8,1023.1,344,1016.6,1546,1019.9,10.2,7.8,1200.0,2.16,12.42,,,,,,3.1,1.3,2.4,-3.7,,,,,,,,,,2.7,3.8,,,
152,울산,2023-01-24,-7.0,-11.5,2344,3.4,15,,,,,,,19.5,270,1356,9.6,320,414,5.7,4925,290,-22.5,16,418,29.0,1.1,1011.4,1027.3,2326,1016.2,352,1022.0,10.2,9.1,1200.0,2.28,14.24,,,,,,1.9,1.3,-4.6,-12.5,,,,,,,,,,1.8,2.6,,,
152,울산,2023-01-25,-7.5,-13.6,734,-0.3,1507,,,,,,,14.6,320,113,7.5,320,119,3.3,2848,320,-25.7,8,1509,24.0,0.8,1016.6,1030.1,901,1025.1,1523,1027.3,10.2,9.4,1200.0,2.36,14.68,,,,,,0.0,0.0,-5.9,-14.7,,,,,,,,,,2.0,2.9,,,
152,울산,2023-01-26,-1.6,-9.4,308,4.9,1533,,,,,,,6.0,200,2336,4.4,360,2335,1.6,1421,20,-12.5,25,1,43.8,2.6,1012.6,1026.8,131,1019.1,2029,1022.9,10.3,1.1,1200.0,1.59,6.73,,,,,,7.5,4.5,-1.9,-12.7,,,,,,,,,,1.2,1.7,,,
152,울산,2023-01-27,-2.3,-6.2,2341,1.2,1308,,,,,,,13.0,320,1700,7.8,290,1712,4.3,3673,290,-16.5,17,1627,34.5,1.8,1007.8,1020.3,2250,1015.3,1303,1018.1,10.3,9.0,1200.0,2.31,14.02,,,,,,2.8,2.1,-1.2,-7.3,,,,,,,,,,2.6,3.7,,,
152,울산,2023-01-28,-3.6,-8.5,515,1.1,1605,,,,,,,13.3,290,1423,7.2,290,1450,3.5,3066,290,-17.2,17,1116,35.3,1.7,1009.8,1021.9,1005,1018.6,1414,1020.2,10.3,9.3,1200.0,2.32,14.33,,,,,,0.0,0.0,-3.3,-9.8,,,,,,,,,,1.9,2.8,,,
152,울산,2023-01-29,0.9,-4.2,247,6.3,1624,,,,,,,10.4,320,1055,6.7,290,1129,2.5,2157,230,-10.3,24,1507,44.4,2.8,1008.6,1021.4,851,1016.5,1635,1018.8,10.4,9.4,1200.0,2.32,14.36,,,,,,0.3,0.3,-0.8,-8.4,,,,,,,,,,2.2,3.2,,,
152,울산,2023-01-30,1.3,-2.3,2251,5.7,1540,,,,,,,10.0,320,924,6.6,320,926,2.9,2483,290,-14.9,16,1549,30.6,2.0,1010.9,1022.9,1036,1017.5,12,1021.1,10.4,9.5,1200.0,2.36,14.79,,,,,,0.0,0.0,-0.1,-7.2,,,,,,,,,,2.6,3.7,,,
152,울산,2023-01-31,3.8,-3.0,41,10.9,1423,,,,,,,10.6,230,1430,6.1,200,1514,2.3,1965,230,-12.6,13,1159,32.9,2.5,1008.7,1022.8,221,1015.5,1640,1018.8,10.4,9.4,1300.0,2.21,13.88,,,,,,0.8,0.0,0.4,-8.7,,,,,,,,,,2.9,4.1,,,
152,울산,2023-02-01,7.5,1.6,2359,14.6,1356,,,,,,,9.2,340,1703,5.7,250,1711,2.5,2188,90,-5.8,18,1516,42.1,4.4,1005.6,1021.4,2345,1011.0,1355,1015.5,10.5,6.8,1200.0,2.14,11.8,,,,,,7.8,0.0,3.2,-3.7,,,,,,,,,,3.1,4.5,,,
152,울산,2023-02-02,2.5,-1.4,717,7.2,1454,,,,,,,7.6,50,57,4.6,360,930,2.8,2394,320,-11.5,23,1606,35.9,2.6,1013.7,1025.8,847,1021.5,1,1023.9,10.5,8.5,1100.0,2.08,11.89,,,,,,7.0,0.0,1.8,-2.7,,,,,,,,,,2.2,3.2,,,
152,울산,2023-02-03,3.7,0.4,441,9.4,1302,,,,,,,7.8,320,2041,5.0,250,2037,2.4,2088,290,-10.9,18,2033,35.0,3.0,1010.4,1022.8,1,1018.0,1718,1020.5,10.5,3.4,1200.0,1.88,9.25,,,,,,5.3,3.6,2.2,-1.4,,,,,,,,,,2.2,3.1,,,
152,울산,2023-02-04,2.0,-1.6,544,6.6,1443,,,,,,,9.7,270,1150,5.5,290,1150,3.0,2550,290,-13.4,19,1102,31.8,2.2,1012.5,1025.1,2339,1019.9,3,1022.7,10.5,9.4,1200.0,2.31,14.24,,,,,,1.0,0.0,1.5,-5.5,,,,,,,,,,2.4,3.5,,,
152,울산,2023-02-05,3.7,-1.7,412,11.2,1454,,,,,,,6.7,340,1205,3.7,290,1200,2.0,1717,290,-13.7,9,1458,30.5,2.2,1013.4,1025.6,828,1021.1,1444,1023.5,10.6,9.5,1200.0,2.45,15.46,,,,,,0.0,0.0,2.3,-6.6,,,,,,,,,,3.0,4.2,,,
152,울산,2023-02-06,6.1,-1.2,623,13.1,1421,,,,,,,5.2,20,948,3.6,20,1001,1.7,1502,320,-8.0,16,1316,37.4,3.4,1010.9,1023.7,458,1018.5,1537,1020.9,10.6,7.8,1200.0,2.23,13.08,,,,,,4.9,2.8,3.7,-6.3,,,,,,,,,,2.5,3.6,,,
152,울산,2023-02-07,6.5,2.5,558,12.5,1304,,,,,,,7.3,50,1513,4.1,90,1649,2.1,1775,70,-0.2,43,1,63.3,6.2,1009.6,1021.5,2318,1017.5,1322,1019.6,10.6,6.5,1200.0,1.99,11.66,,,,,,3.9,1.0,4.1,-2.8,,,,,,,,,,1.7,2.4,,{박무}2255-{박무}{강도0}2400-,
152,울산,2023-02-08,6.0,1.1,552,12.0,1322,,,,,,,7.9,20,1351,4.5,320,1258,2.2,1927,50,-5.2,18,1512,51.9,4.4,1013.9,1027.4,2400,1021.3,1,1024.0,10.7,9.5,1200.0,2.38,14.95,,,,,,2.9,0.0,4.4,-4.6,,,,,,,,,,3.0,4.3,,-{박무}-{박무}{강도0}0300-{박무}{강도0}0600-0845.,
152,울산,2023-02-09,5.2,-0.2,721,9.1,1043,,,,,4.25,1.2,9.3,90,1700,5.2,90,1650,2.7,2315,90,-3.2,39,148,55.4,5.0,1017.1,1030.2,831,1022.7,2333,1027.2,10.7,2.8,1000.0,1.35,4.67,,,,,,7.1,5.0,2.8,-4.3,,,,,,,,,,1.2,1.7,,{비}1145-{비}{강도0}1200-1350. {비}2150-{비}{강도0}2400-,
152,울산,2023-02-10,5.0,2.3,527,8.8,1430,,,,,9.17,22.1,7.9,360,1336,5.0,70,1338,2.8,2401,320,1.8,61,1622,80.8,7.0,1008.6,1022.8,1,1016.1,1354,1018.6,10.7,3.3,1100.0,2.2,10.38,,,,,,7.0,6.5,5.7,0.7,,,,,,,,,,1.3,1.9,,{박무}0150-{박무}{강도0}0300-0540. -{비}-{비}{강도1}0300-{비}{강도0}0600-{비}{강도0}0900-0910.,
152,울산,2023-02-11,5.7,1.2,744,11.0,1530,,,,,,,4.7,340,429,3.2,360,400,1.5,1336,20,0.6,50,1545,70.5,6.4,1012.5,1023.8,2245,1021.2,143,1022.5,10.8,2.4,1200.0,1.5,9.3,,,,,,5.5,1.1,5.2,-1.4,,,,,,,,,,1.2,1.8,,{박무}0350-{박무}{강도0}0600-{박무}{강도0}0900-0945.1025. {연무}1015-1105.,
152,울산,2023-02-12,6.9,1.1,502,12.5,1256,,,,,3.67,0.2,8.2,20,1848,4.6,90,1406,2.2,1901,50,0.1,27,1326,64.9,6.2,1010.5,1023.7,2,1017.5,2340,1020.5,10.8,3.9,1200.0,2.03,9.02,,,,,,6.9,2.0,4.4,-3.2,,,,,,,,,,1.7,2.5,,{박무}0135-0150. {박무}0305-0410. {박무}0445-0510. {박무}0525-0545. {박무}0605-0650. {박무}0710-0810. {비}2020-{비}{강도0}2100-{비}{강도0}2400-,
152,울산,2023-02-13,6.2,4.1,2340,7.9,1327,,,,,7.42,1.1,9.5,20,937,5.0,50,1213,3.1,2686,50,2.0,52,1323,74.9,7.1,1007.1,1019.3,2232,1015.1,343,1017.0,10.8,0.0,1300.0,0.81,2.93,,,,,,9.9,7.5,5.6,3.3,,,,,,,,,,0.9,1.3,,{박무}0035-0145. -{비}-0230. {비}0420-{비}{강도0}0600-0710. {박무}0430-0540. {비}0840-{비}{강도0}0900-1045.,
152,울산,2023-02-14,4.0,1.5,532,8.6,1353,,,,,1.5,0.0,9.6,50,1504,5.3,70,1609,2.6,2252,50,-1.1,38,1324,70.6,5.6,1011.3,1025.3,2337,1018.7,46,1021.4,10.9,4.3,1300.0,1.88,10.98,,,,,,6.5,6.1,3.7,-1.0,,,,,,,,,,1.5,2.2,,{비}1510-1535. {비}2050-{비}{강도0}2100-2140. {진눈깨비}2345-{진눈깨비}{강도0}2400-,
152,울산,2023-02-15,2.2,0.7,440,4.1,1220,,,,,8.17,0.4,8.7,50,1351,4.4,50,1302,2.5,2144,50,-1.3,65,1633,77.6,5.6,1019.3,1032.3,2131,1025.1,11,1029.6,10.9,0.6,1200.0,1.35,6.64,,,,,,8.0,7.9,3.4,-0.1,,,,,,,,,,0.9,1.2,,-{눈}-{눈}0015-0045. {눈}0120-{눈}{강도0}0300-0445. {눈}0630-0730. {박무}0650-0735. {눈}0750-0855. {박무}0835-0850. {눈}0950-1105. {눈}1130-{진눈깨비}1150-{진눈깨비}{강도0}1200-1210.,
152,울산,2023-02-16,4.4,0.7,440,8.3,1546,,,,,,,6.3,200,1731,4.2,200,1605,1.9,1677,200,-0.2,56,1148,73.1,6.0,1019.8,1032.4,7,1028.0,1704,1030.0,10.9,1.2,1100.0,1.42,7.65,,,,,,5.8,5.8,4.6,-0.3,,,,,,,,,,1.3,1.8,,,
152,울산,2023-02-17,5.7,1.5,706,8.6,1440,,,,,1.0,0.0,6.5,70,650,4.3,290,628,1.8,1561,50,-3.6,36,1521,52.3,4.7,1016.6,1029.0,906,1024.8,2249,1026.7,11.0,1.6,1000.0,1.31,5.84,,,,,,8.8,6.6,3.4,-0.3,,,,,,,,,,1.1,1.6,,{비}2110-2210.,
152,울산,2023-02-18,7.2,3.8,259,10.1,1251,,,,,10.67,3.0,4.0,320,2143,2.9,320,1949,1.3,1133,50,5.9,50,9,91.9,9.4,1009.2,1025.1,1,1014.5,2351,1019.2,11.0,0.0,1200.0,0.68,3.28,,,,,,10.0,7.4,7.2,3.9,,,,,,,,,,0.8,1.1,,{비}0045-{비}{강도0}0300-{비}{강도0}0600-0810. {박무}0135-{박무}{강도1}0300-{박무}{강도2}0600-{시정(미만)}{1km}{안개}0705-{시정(이상)}{1km}{박무}0720-{시정(미만)}{1km}{안개}0750-{시정(이상)}{1km}{박무}0810-{박무}{강도1}0900-{박무}{강도0}1200-1220. {비}1320-1325. {비}1350-1405. {비}1455-{비}{강도0}1500-1650. {박무}1650-1710. {비}1945-2025. {박무}1955-2020. {박무}2050-{박무}{강도0}2100-2105. {비}2155-2205. {비}2315-2325. {박무}2315-{박무}{강도0}2400-,0.58
152,울산,2023-02-19,8.2,2.8,2333,12.7,1405,,,,,1.17,0.0,10.8,290,1416,5.8,290,1449,3.3,2837,290,-3.3,22,1529,48.6,5.4,1005.3,1020.1,2327,1011.8,506,1015.1,11.0,6.6,1300.0,2.48,13.03,,,,,,4.0,3.0,7.6,0.8,,,,,,,,,,3.2,4.6,,-{박무}-0020. {비}0055-0145. {박무}0105-{박무}{강도0}0300-0350. {비}0210-0225. {비}0310-0315.,
152,울산,2023-02-20,2.9,-1.5,717,8.1,1347,,,,,,,11.2,340,1350,6.1,250,1540,3.2,2741,320,-14.2,10,1759,28.9,2.1,1013.1,1028.2,2353,1020.1,1,1023.3,11.1,9.9,1200.0,2.7,17.32,,,,,,0.4,0.4,2.1,-4.5,,,,,,,,,,3.1,4.5,,,
152,울산,2023-02-21,0.7,-3.6,631,6.7,1405,,,,,,,9.9,90,1531,5.0,320,1022,2.7,2337,90,-10.0,27,1255,45.6,3.0,1022.4,1034.6,2238,1028.2,1,1032.7,11.1,8.8,1300.0,2.69,16.99,,,,,,0.6,0.5,0.1,-5.3,,,,,,,,,,2.1,3.0,,,
152,울산,2023-02-22,4.3,-2.9,650,10.9,1355,,,,,,,7.5,200,1420,4.8,180,1458,1.8,1547,180,-4.5,25,1309,54.3,4.4,1018.9,1034.6,41,1023.8,2350,1029.0,11.2,8.7,1200.0,2.69,16.5,,,,,,4.5,1.6,3.6,-6.3,,,,,,,,,,2.4,3.5,,{햇무리}1445-1550.,
152,울산,2023-02-23,8.2,3.9,658,13.4,1518,,,,,,,7.5,180,1203,4.3,290,1231,2.1,1818,50,-3.3,17,1140,48.5,5.0,1011.2,1024.0,1,1018.8,1506,1021.2,11.2,9.6,1200.0,2.64,17.26,,,,,,4.6,1.3,8.3,1.0,,,,,,,,,,3.3,4.8,,,
152,울산,2023-02-24,7.0,3.2,2350,12.9,1459,,,,,,,10.8,180,1015,6.9,320,1034,3.0,2561,290,-4.7,18,1525,45.3,4.4,1011.3,1025.3,2338,1019.1,346,1021.3,11.2,8.8,1300.0,2.52,16.18,,,,,,4.5,0.9,7.9,0.5,,,,,,,,,,3.2,4.6,,,
152,울산,2023-02-25,3.3,-0.3,716,8.7,1502,,,,,,,10.0,110,1605,5.9,90,1602,2.9,2508,50,-6.7,25,1514,50.8,3.8,1018.6,1033.4,2358,1025.2,1,1028.9,11.3,6.6,1300.0,2.59,15.64,,,,,,2.4,2.4,5.0,-3.6,,,,,,,,,,2.3,3.3,,,
152,울산,2023-02-26,4.2,-1.2,616,11.2,1433,,,,,,,6.2,200,1451,4.0,340,741,2.1,1807,180,-8.4,16,1256,41.3,3.3,1024.7,1036.3,824,1032.9,1428,1034.9,11.3,10.3,1200.0,2.8,18.7,,,,,,0.0,0.0,5.3,-3.8,,,,,,,,,,2.8,3.9,,,
152,울산,2023-02-27,6.9,-1.1,656,14.2,1418,,,,,,,6.8,160,1321,4.5,140,1514,1.4,1214,140,-4.8,19,1158,46.0,4.4,1022.4,1035.7,101,1029.8,1638,1032.5,11.3,10.3,1200.0,2.82,18.98,,,,,,0.0,0.0,6.2,-5.8,,,,,,,,,,3.2,4.6,,,
152,울산,2023-02-28,9.4,0.6,536,16.7,1434,,,,,,,9.6,230,1357,6.1,230,1755,2.4,2068,230,-5.3,10,1330,39.9,4.4,1015.3,1030.0,1,1022.0,1613,1025.2,11.4,10.4,1200.0,2.88,19.48,,,,,,1.6,0.0,7.4,-4.5,,,,,,,,,,4.4,6.3,,,
152,울산,2023-03-01,9.3,5.1,2341,13.9,1614,,,,,0.92,0.0,11.7,320,2145,6.5,320,2151,2.3,2024,290,-0.4,28,2357,52.4,6.2,1009.4,1022.7,1,1014.5,1628,1019.2,11.4,0.2,1200.0,1.51,6.43,,,,,,6.8,4.9,8.2,2.2,,,,,,,,,,2.3,3.3,,{비}1135-{비}{강도0}1200-1230.,
152,울산,2023-03-02,4.2,0.5,2400,8.9,1627,,,,,,,9.5,290,1,5.3,270,1044,2.7,2357,320,-14.0,12,1551,26.3,2.1,1014.6,1026.9,2226,1021.0,16,1024.8,11.4,10.5,1200.0,2.93,19.89,,,,,,0.0,0.0,4.9,-4.0,,,,,,,,,,3.7,5.2,,,
152,울산,2023-03-03,7.2,-0.6,432,14.2,1541,,,,,,,9.2,290,1243,5.4,290,1142,2.5,2176,290,-13.2,12,1514,23.1,2.3,1015.4,1027.4,822,1022.7,1505,1025.4,11.5,10.5,1200.0,2.84,19.4,,,,,,0.4,0.0,5.3,-5.6,,,,,,,,,,4.1,5.9,,,
152,울산,2023-03-04,8.8,5.3,559,14.3,1246,,,,,,,9.7,110,1323,5.8,90,1346,2.7,2326,90,-1.5,32,1,49.6,5.6,1017.4,1029.0,2321,1025.9,1408,1027.4,11.5,8.1,1200.0,2.65,15.67,,,,,,4.9,0.0,8.1,1.4,,,,,,,,,,2.6,3.8,,,
152,울산,2023-03-05,8.5,2.8,647,15.7,1323,,,,,,,6.1,90,1434,3.5,180,1316,1.5,1309,70,1.8,40,1327,64.5,7.0,1017.0,1029.5,831,1024.5,1650,1026.9,11.6,10.1,1200.0,2.96,18.64,,,,,,1.0,1.0,9.7,-1.9,,,,,,,,,,2.8,4.0,,,
152,울산,2023-03-06,11.4,4.3,548,18.9,1540,,,,,,,6.9,160,1302,4.3,160,1342,1.8,1527,160,-1.3,17,1546,47.0,5.7,1012.3,1025.7,26,1018.5,1628,1022.1,11.6,10.4,1200.0,2.75,18.67,,,,,,0.0,0.0,10.4,-1.4,,,,,,,,,,3.9,5.6,,,
152,울산,2023-03-07,13.6,5.9,432,21.3,1322,,,,,,,10.8,180,1253,6.2,200,1300,2.5,2141,200,-0.4,20,1324,40.6,6.0,1010.3,1022.1,918,1017.5,1537,1020.0,11.6,9.6,1200.0,2.57,16.77,,,,,,0.0,0.0,11.3,0.2,,,,,,,,,,4.6,6.6,,,
152,울산,2023-03-08,15.2,9.6,711,21.5,1422,,,,,,,10.0,200,1552,6.5,230,1555,2.5,2180,230,-0.5,16,1123,36.6,6.0,1009.2,1021.1,759,1016.6,1444,1018.9,11.7,9.8,1100.0,2.29,16.12,,,,,,2.1,0.0,12.7,3.7,,,,,,,,,,4.4,6.3,,,
152,울산,2023-03-09,15.2,10.3,132,22.4,1446,,,,,0.48,0.0,10.1,200,1204,6.6,230,1126,2.5,2191,200,9.2,42,1542,69.4,11.7,1005.0,1018.3,1,1011.1,1558,1014.6,11.7,6.5,1300.0,2.25,13.76,,,,,,3.9,2.0,13.8,5.3,,,,,,,,,,2.8,4.0,,{비}1730-1759. {박무}1920-{박무}{강도0}2100-2305. {박무}2350-{박무}{강도0}2400-,
152,울산,2023-03-10,13.3,9.1,357,19.4,1421,,,,,,,6.3,180,1528,3.7,180,1422,1.6,1353,160,6.1,26,1420,65.8,9.6,1010.4,1021.8,2206,1016.7,1,1020.2,11.7,10.0,1200.0,2.81,18.7,,,,,,0.6,0.0,14.1,3.2,,,,,,,,,,3.0,4.3,,-{박무}-0050. {박무}1845-{박무}{강도0}2100-{박무}{강도0}2400-,
152,울산,2023-03-11,16.1,8.2,537,23.2,1233,,,,,,,6.1,160,1343,3.3,180,1324,1.3,1110,160,5.7,27,1145,55.9,9.3,1011.6,1022.8,726,1019.6,1504,1021.3,11.8,9.1,1100.0,2.45,16.77,,,,,,4.6,0.0,15.5,3.8,,,,,,,,,,3.1,4.4,,-{박무}-{박무}{강도1}0300-0555. {박무}0730-0805.,
152,울산,2023-03-12,10.4,2.8,2359,20.0,1110,,,,,4.75,15.9,12.9,270,1431,7.6,270,1432,2.7,2359,320,5.4,43,2302,73.5,9.7,1007.8,1022.0,146,1012.4,1353,1017.7,11.8,2.5,1000.0,1.9,8.34,,,,,,6.8,3.1,11.3,1.6,,,,,,,,,,2.1,3.0,,{박무}0210-{박무}{강도0}0300-{박무}{강도0}0600-{박무}{강도0}0900-0955. {연무}0950-1005. {비}1210-1250. {박무}1225-1250. {비}1355-1450. {박무}1440-1450. {비}1505-{비}{강도0}1800-1815. {박무}1520-1605.,
152,울산,2023-03-13,4.7,-0.4,450,11.0,1614,,,,,,,11.2,290,141,5.5,320,145,2.7,2343,270,-10.9,15,1607,33.0,2.8,1011.1,1023.8,821,1018.9,1555,1021.2,11.9,10.8,1200.0,3.13,21.76,,,,,,2.6,0.0,6.1,-3.2,,,,,,,,,,3.2,4.6,,,
152,울산,2023-03-14,10.2,4.2,544,16.6,1545,,,,,,,10.2,230,1654,6.4,200,1520,2.5,2146,230,-2.5,17,1556,42.1,5.1,1009.7,1020.9,751,1017.0,1556,1019.6,11.9,9.5,1200.0,3.13,20.42,,,,,,3.6,2.5,11.0,2.5,,,,,,,,,,4.2,6.0,,,
152,울산,2023-03-15,14.4,6.7,400,19.9,1309,,,,,,,15.0,200,1337,9.6,230,1356,3.9,3384,230,7.2,44,1618,62.5,10.3,1010.1,1021.2,807,1017.4,1516,1019.8,11.9,8.2,1300.0,2.76,16.54,,,,,,3.0,2.1,11.9,1.9,,,,,,,,,,3.9,5.5,,,
152,울산,2023-03-16,10.7,7.5,2358,14.9,1248,,,,,,,9.3,290,700,5.7,20,604,2.7,2306,90,-1.1,8,1229,49.6,6.3,1014.8,1026.6,903,1020.2,251,1024.7,12.0,7.8,1200.0,3.08,19.11,,,,,,6.5,2.3,12.9,5.6,,,,,,,,,,3.5,5.0,,,
152,울산,2023-03-17,8.6,6.5,426,11.6,1310,,,,,,,8.6,110,1535,5.5,90,1123,2.6,2229,90,1.6,50,1311,62.0,6.9,1013.1,1025.8,8,1019.2,2400,1023.1,12.0,1.4,1200.0,1.59,10.42,,,,,,9.3,5.8,9.9,5.9,,,,,,,,,,1.9,2.7,,,
152,울산,2023-03-18,9.6,6.6,2351,14.4,1329,,,,,,,7.1,110,1422,4.5,90,1429,2.3,2002,110,2.4,45,1130,61.8,7.3,1007.4,1019.2,1,1015.0,1439,1017.3,12.0,5.8,1400.0,2.58,16.16,,,,,,5.4,4.5,12.2,3.4,,,,,,,,,,2.7,3.9,,,
152,울산,2023-03-19,10.4,4.3,609,17.0,1310,,,,,,,7.3,160,1636,4.8,160,1524,2.1,1803,160,-2.3,22,1240,42.6,5.2,1008.6,1020.7,758,1016.5,1645,1018.5,12.1,11.0,1200.0,3.05,21.34,,,,,,0.6,0.0,11.8,0.7,,,,,,,,,,3.6,5.2,,,
152,울산,2023-03-20,12.2,4.0,644,18.9,1301,,,,,,,10.3,160,1509,5.1,160,1357,2.1,1831,160,1.7,26,1034,49.9,7.0,1005.2,1018.1,1,1012.3,1635,1015.0,12.1,10.6,1200.0,3.0,20.99,,,,,,4.0,0.0,13.5,-1.0,,,,,,,,,,3.8,5.5,,,
152,울산,2023-03-21,14.3,9.7,516,20.2,1432,,,,,,,6.2,90,1225,3.9,160,1441,1.9,1649,110,4.1,24,1134,53.6,8.6,1002.6,1014.3,52,1010.1,1529,1012.2,12.2,8.0,1200.0,2.99,18.48,,,,,,7.3,3.9,16.2,7.5,,,,,,,,,,3.4,4.9,,,
152,울산,2023-03-22,16.0,12.0,412,20.5,1344,,,,,3.25,1.6,5.4,180,1346,3.2,180,1353,1.4,1228,90,11.7,59,1346,76.6,13.8,1001.2,1013.1,17,1008.4,2357,1010.7,12.2,0.7,1300.0,1.81,9.56,,,,,,8.3,7.1,18.2,9.2,,,,,,,,,,1.7,2.4,,{비}2045-{비}{강도0}2100-{비}{강도0}2400- {박무}2215-{박무}{강도0}2400-,
152,울산,2023-03-23,14.1,12.7,2335,15.0,930,,,,,15.83,50.8,6.5,340,1225,4.4,340,1229,1.7,1482,20,12.8,82,1711,92.1,14.8,996.4,1010.7,2329,1003.6,1153,1006.0,12.2,0.0,1400.0,0.96,3.79,,,,,,9.5,7.6,15.1,12.9,,,,,,,,,,0.8,1.1,,-{비}-{비}{강도1}0300-{비}{강도1}0600-{비}{강도0}0900-{비}{강도1}1200-{비}{강도0}1500-1550. -{박무}-{박무}{강도0}0300-{박무}{강도1}0600-0830. {박무}0910-{박무}{강도0}1200-1320. {박무}2035-{박무}{강도0}2100-2240.,
152,울산,2023-03-24,11.6,9.6,2308,14.8,1121,,,,,0.33,0.0,9.8,50,1658,4.9,70,1328,2.9,2467,50,5.9,53,1142,69.0,9.4,1006.2,1019.7,2351,1010.3,18,1016.0,12.3,2.8,1200.0,2.53,13.92,,,,,,9.0,6.8,13.0,9.4,,,,,,,,,,2.4,3.5,,{비}0555-{비}{강도0}0600-0615.,
152,울산,2023-03-25,9.9,8.7,2356,13.2,1424,,,,,,,8.7,360,731,4.7,90,1507,2.6,2256,20,3.6,50,1358,65.3,7.9,1009.3,1021.5,933,1017.4,2339,1019.1,12.3,4.2,1400.0,2.65,12.84,,,,,,8.4,6.8,12.2,8.1,,,,,,,,,,2.2,3.1,,,
152,울산,2023-03-26,10.7,7.7,641,15.1,1359,,,,,0.25,0.0,6.0,110,1457,4.4,90,1456,2.0,1698,320,5.4,50,1214,70.8,9.0,1006.0,1018.4,2351,1013.4,1444,1015.8,12.3,1.9,1100.0,2.19,12.13,,,,,,7.8,7.3,12.2,7.5,,,,,,,,,,2.4,3.4,,{비}1635-1650.,
152,울산,2023-03-27,9.6,4.9,633,15.3,1339,,,,,,,8.4,320,418,4.5,20,416,2.5,2158,290,-3.2,12,1237,43.6,5.2,1010.0,1022.5,2255,1017.7,316,1019.9,12.4,10.0,1200.0,3.29,23.37,,,,,,2.0,0.1,11.6,2.6,,,,,,,,,,4.3,6.1,,,
152,울산,2023-03-28,11.5,4.3,625,17.7,1300,,,,,,,8.4,160,1406,4.6,160,1413,2.0,1744,160,-0.5,18,1108,46.4,6.0,1013.0,1025.5,944,1020.9,1739,1022.9,12.4,11.1,1200.0,3.12,22.77,,,,,,0.0,0.0,12.5,0.8,,,,,,,,,,4.0,5.8,,,
152,울산,2023-03-29,12.3,6.4,516,17.9,1231,,,,,,,6.3,180,1408,3.9,140,1332,1.7,1476,140,2.5,27,1200,54.0,7.4,1011.8,1023.6,802,1019.8,1707,1021.6,12.4,9.7,1000.0,2.53,18.34,,,,,,2.6,0.0,13.1,2.7,,,,,,,,,,3.1,4.4,,{연무}1850-2020. {연무}2205-{연무}{강도0}2400-,
152,울산,2023-03-30,14.6,6.8,525,23.4,1230,,,,,,,6.5,160,1432,3.9,160,1436,1.4,1236,140,1.6,15,1214,47.0,7.0,1008.6,1021.3,3,1015.8,1637,1018.2,12.5,9.4,1200.0,2.93,19.76,,,,,,4.9,0.0,14.3,3.4,,,,,,,,,,4.5,6.4,,-{연무}-{연무}{강도0}0300-0520. {박무}0515-{박무}{강도0}0600-0755. {연무}0750-{연무}{강도0}0900-0910.,
152,울산,2023-03-31,15.8,10.6,2400,22.5,1151,,,,,,,9.5,110,1346,5.9,90,1333,2.3,1992,90,-0.9,12,1058,36.6,6.0,1007.6,1018.0,723,1015.7,1643,1017.2,12.5,11.3,1200.0,3.2,23.51,,,,,,2.1,0.0,15.8,7.1,,,,,,,,,,5.8,8.2,,,
152,울산,2023-04-01,13.7,7.1,632,19.1,1252,,,,,,,8.4,110,1246,4.9,90,1135,2.4,2086,110,6.9,32,1744,66.6,10.0,1007.4,1018.1,750,1015.4,1545,1017.1,12.6,10.2,1100.0,3.0,21.91,,,,,,2.4,0.6,16.0,4.7,,,,,,,,,,4.0,5.7,,{박무}0105-{박무}{강도0}0300-{박무}{강도1}0600-0850.,
152,울산,2023-04-02,13.4,10.5,523,17.9,1143,,,,,,,12.6,50,1109,7.0,50,1326,3.5,3015,70,5.6,34,1110,61.5,9.1,1010.2,1022.9,2127,1017.4,250,1020.0,12.6,10.9,1200.0,3.15,22.96,,,,,,0.8,0.8,15.2,8.9,,,,,,,,,,4.3,6.2,,,
152,울산,2023-04-03,13.1,10.5,2327,17.1,1252,,,,,,,9.6,50,902,4.5,50,852,2.9,2476,50,5.4,36,1321,61.5,9.0,1014.2,1025.8,2131,1021.4,234,1024.0,12.6,10.7,1200.0,3.27,24.04,,,,,,1.9,1.6,16.8,8.4,,,,,,,,,,3.9,5.5,,,
152,울산,2023-04-04,14.6,9.6,616,19.5,1251,0.2,,0.3,2252.0,1.75,0.5,8.2,140,1428,3.8,160,1324,1.7,1478,160,9.2,45,1259,71.6,11.8,1011.3,1025.1,8,1018.7,1548,1021.0,12.7,5.2,1100.0,2.71,17.14,,,,,,8.5,3.5,17.1,8.5,,,,,,,,,,2.6,3.7,,{비}2045-{비}{강도0}2100-2115. {비}2245-{비}{강도0}2400-,
152,울산,2023-04-05,14.9,13.7,1001,16.1,2146,0.7,1212.0,3.4,1511.0,17.73,22.7,18.0,200,1347,7.9,180,1515,3.9,3391,180,13.3,78,632,90.4,15.3,1002.5,1019.1,34,1007.7,2022,1012.1,12.7,0.0,1200.0,0.2,1.61,,,,,,9.1,7.3,14.9,13.4,,,,,,,,,,0.9,1.2,,{박무}0040-0250. -{비}-{비}{강도0}0300-0503. {박무}0320-0540. {비}0522-0538. {비}0730-{비}{강도0}0900-{비}{강도0}1200-{비}{강도0}1500-{비}{강도0}1800-1955. {박무}0855-{박무}{강도0}0900-1040. {박무}1105-1130. {박무}1155-{박무}{강도0}1200-{박무}{강도1}1500-1750. {박무}1805-1815. {박무}1840-1930.,
152,울산,2023-04-06,14.6,10.5,2356,20.3,1444,0.6,2341.0,1.9,2301.0,1.08,1.9,8.2,200,1612,5.8,230,1607,2.7,2293,200,8.7,47,1513,69.4,11.3,999.0,1011.0,2350,1005.6,1548,1008.6,12.8,10.5,1300.0,3.06,21.67,,,,,,7.0,2.1,16.0,9.2,,,,,,,,,,3.7,5.3,,{비}2255-{비}{강도0}2400- {박무}2330-{박무}{강도0}2400-,
152,울산,2023-04-07,12.9,8.8,658,18.5,1605,0.7,3.0,2.1,154.0,3.33,5.3,11.2,320,1410,5.9,320,1423,2.7,2364,320,0.8,23,1532,47.0,6.6,1001.4,1013.6,2358,1008.9,1558,1011.1,12.8,10.6,1200.0,3.19,23.23,,,,,,3.3,2.1,13.5,6.6,,,,,,,,,,5.0,7.1,,-{박무}-0250. -{비}-{비}{강도0}0300-0320. {연무}0705-{연무}{강도0}0900-1010.,
152,울산,2023-04-08,10.3,3.8,617,15.9,1533,,,,,,,13.4,290,1327,7.9,340,1207,3.2,2731,320,-8.8,16,1308,26.0,3.2,1007.3,1019.4,2358,1013.6,1,1017.1,12.8,11.9,1200.0,3.42,25.97,,,,,,0.8,0.1,10.3,2.1,,,,,,,,,,5.8,8.3,,,
152,울산,2023-04-09,13.5,5.5,623,19.0,1754,,,,,,,7.9,230,1900,5.4,230,1824,2.4,2053,140,-6.5,16,1756,25.1,3.8,1008.0,1020.8,735,1014.3,1755,1017.7,12.9,12.0,1200.0,3.47,26.38,,,,,,0.0,0.0,12.6,2.6,,,,,,,,,,5.7,8.2,,,
152,울산,2023-04-10,14.4,6.3,543,21.3,1410,,,,,,,8.9,200,1429,5.8,230,1559,2.7,2338,200,0.4,19,946,39.9,6.3,1005.9,1018.4,713,1012.9,1621,1015.5,12.9,11.6,1200.0,3.19,24.0,,,,,,0.9,0.0,14.1,2.1,,,,,,,,,,6.0,8.6,,,
152,울산,2023-04-11,18.1,12.4,304,22.7,1404,,,,,,,14.8,200,1441,9.2,200,1449,4.7,4050,200,9.7,40,1238,58.9,12.2,1001.5,1015.1,1,1007.7,1457,1011.0,12.9,7.3,1200.0,3.01,19.71,,,,,,4.5,4.5,17.9,9.3,,,,,,,,,,5.3,7.6,,,
152,울산,2023-04-12,14.0,9.9,2146,19.2,1342,,,,,,,11.3,320,352,6.4,320,344,2.9,2495,290,-7.3,7,1324,25.4,4.0,1005.4,1017.4,2349,1010.5,1,1015.1,13.0,11.8,1200.0,3.47,25.86,,,,,,0.9,0.0,16.4,5.0,,,,,,,,,,6.5,9.3,,{황사}0320-{황사}{강도0}0600-{황사}{강도0}0900-{황사}{강도0}1200-{황사}{강도0}1500-{황사}{강도0}1800-{황사}{강도0}2100-{황사}{강도0}2400-,
152,울산,2023-04-13,14.7,8.0,416,20.4,1435,,,,,,,6.5,140,1502,4.1,290,617,1.8,1592,160,-3.3,12,1047,31.5,5.4,1006.8,1018.7,725,1013.3,1648,1016.4,13.0,11.2,1200.0,3.19,23.95,,,,,,3.3,0.0,16.4,2.7,,,,,,,,,,4.8,6.8,,-{황사}-{황사}{강도0}0300-{황사}{강도0}0600-0750.,
152,울산,2023-04-14,14.6,9.7,615,20.2,1411,0.2,,0.2,,6.67,0.5,6.7,200,1727,4.4,200,1815,1.6,1416,200,6.1,22,536,61.1,10.4,1003.7,1015.8,913,1010.3,2345,1013.3,13.0,0.8,1300.0,1.56,8.64,,,,,,8.1,4.4,14.4,3.7,,,,,,,,,,1.6,2.2,,{비}1225-1320. {비}1605-1615. {비}1710-{비}{강도0}1800-{비}{강도0}2100-2245.,
152,울산,2023-04-15,12.0,8.3,2358,14.2,1337,0.7,239.0,1.8,208.0,10.33,5.4,7.7,50,723,3.6,320,1819,1.6,1362,340,10.1,67,1815,88.9,12.4,994.4,1010.3,1,1001.5,1626,1004.0,13.1,0.0,1300.0,0.91,3.52,,,,,,7.5,5.8,13.1,5.2,,,,,,,,,,0.8,1.2,,{비}0025-0050. {비}0155-{비}{강도0}0300-{비}{강도0}0600-{비}{강도0}0900-1055. {박무}0240-{박무}{강도0}0300-0325. {박무}0550-{박무}{강도0}0600-0620. {박무}0655-{박무}{강도0}0900-1105. {박무}1250-1310. {비}1510-1605. {박무}1510-1605. {박무}2215-2310.,
152,울산,2023-04-16,10.1,6.7,2358,17.2,1207,2.2,1623.0,5.0,1553.0,2.45,5.8,9.0,90,1356,5.9,90,1344,1.8,1552,320,6.3,37,1126,80.3,9.6,995.4,1011.5,2400,1002.1,218,1005.1,13.1,3.7,1200.0,2.91,14.16,,,,,,6.9,2.0,11.5,4.0,,,,,,,,,,2.3,3.3,,{박무}0220-0230. {박무}0435-0440. {박무}0605-0610. {비}1503-{소나기}1540-{비}1640-1730. {박무}1540-1710.,
152,울산,2023-04-17,12.7,5.7,317,18.7,1623,,,,,,,7.5,140,1508,3.9,140,1548,1.8,1529,160,4.8,29,1142,61.8,8.6,1005.9,1018.0,2400,1011.5,1,1015.6,13.1,11.4,1200.0,3.21,24.35,,,,,,0.1,0.0,14.9,2.7,,,,,,,,,,4.0,5.7,,{박무}0150-0230.,
152,울산,2023-04-18,16.2,10.1,258,20.9,1606,2.4,1125.0,2.4,1035.0,1.48,2.4,11.6,230,1406,7.4,230,1415,2.5,2159,180,12.2,61,226,77.9,14.6,1002.1,1018.2,8,1007.6,1403,1011.7,13.2,0.0,1200.0,0.7,4.42,,,,,,8.0,7.5,14.2,7.2,,,,,,,,,,1.4,1.9,,{비}1016-{소나기}1116-{비}1135-1145. {박무}2220-{박무}{강도0}2400-,
152,울산,2023-04-19,17.1,15.2,2332,19.8,1005,,,,,,,7.6,110,1211,5.1,90,1035,1.7,1508,110,13.5,60,1055,80.5,15.5,1001.0,1012.4,1159,1008.9,1700,1010.5,13.2,2.2,1000.0,1.68,11.43,,,,,,6.0,6.0,19.0,13.5,,,,,,,,,,2.0,2.8,,-{박무}-0130. {박무}0350-0440. {박무}1955-{박무}{강도0}2100-{박무}{강도1}2400-,
152,울산,2023-04-20,19.6,13.6,409,27.1,1220,,,,,,,6.7,270,1104,3.5,250,1108,1.4,1209,160,13.8,44,1218,71.5,15.8,998.5,1010.4,27,1004.9,1633,1007.9,13.2,10.7,1100.0,3.19,23.09,,,,,,0.8,0.4,21.6,11.4,,,,,,,,,,4.3,6.2,,-{박무}-{박무}{강도1}0300-{박무}{강도0}0600-0705.,
152,울산,2023-04-21,15.1,11.9,2356,19.1,200,,,,,,,12.3,50,1048,6.2,70,919,3.4,2928,50,5.3,37,1612,52.6,9.2,1003.3,1016.5,2358,1008.3,212,1012.9,13.3,8.9,1300.0,3.0,22.1,,,,,,4.3,1.3,17.6,10.5,,,,,,,,,,4.2,6.0,,{황사}1350-{황사}{강도0}1500-{황사}{강도0}1800-{황사}{강도0}2100-{황사}{강도0}2400-,
152,울산,2023-04-22,13.0,10.8,2327,16.0,1324,,,,,,,12.0,90,1213,6.3,90,1214,3.2,2739,50,2.1,30,1406,48.6,7.2,1010.7,1023.3,2125,1016.5,1,1020.5,13.3,11.2,1200.0,3.27,24.65,,,,,,1.4,0.3,16.7,9.0,,,,,,,,,,4.4,6.2,,-{황사}-{황사}{강도0}0300-{황사}{강도0}0600-{황사}{강도0}0900-{황사}{강도0}1200-{황사}{강도0}1500-{황사}{강도0}1800-{황사}{강도0}2100-{황사}{강도0}2400-,
152,울산,2023-04-23,12.3,8.6,526,15.4,943,,,,,,,8.8,110,913,5.3,110,922,2.4,2042,20,3.5,37,947,56.4,7.9,1014.2,1025.1,1116,1022.6,211,1024.0,13.4,4.1,900.0,2.36,15.15,,,,,,6.8,3.6,15.7,6.1,,,,,,,,,,2.6,3.8,,-{황사}-{황사}{강도0}0300-0350.,
152,울산,2023-04-24,12.1,9.5,2356,14.3,1045,,,,,,,8.7,90,1034,4.5,90,1047,2.3,1970,90,4.3,49,1425,59.8,8.3,1014.7,1026.3,1021,1022.7,2357,1024.5,13.4,0.0,1300.0,1.33,9.24,,,,,,8.4,4.1,12.9,7.5,,,,,,,,,,2.0,2.9,,,
152,울산,2023-04-25,9.6,8.4,2351,11.8,636,0.5,1939.0,1.5,1134.0,16.25,9.7,5.3,90,648,3.0,320,604,1.7,1457,320,6.7,55,636,83.1,9.8,1005.2,1022.7,1,1010.7,1959,1015.1,13.4,0.0,1200.0,0.89,4.98,,,,,,9.9,7.6,11.3,7.7,,,,,,,,,,1.2,1.8,,{비}0605-{비}{강도0}0900-0950. {비}1025-{비}{강도0}1200-{비}{강도0}1500-{비}{강도0}1800-{비}{강도0}2100-2255. {박무}1145-{박무}{강도0}1200-1230. {박무}1615-1650. {박무}1735-{박무}{강도0}1800-1805. {박무}1845-{박무}{강도0}2100-{박무}{강도0}2400-,
152,울산,2023-04-26,13.4,7.8,608,19.4,1648,,,,,,,9.3,320,301,4.8,290,237,2.7,2354,290,3.0,26,1717,53.1,7.6,1002.2,1017.7,2357,1008.9,1353,1011.8,13.5,11.7,1300.0,3.12,25.8,,,,,,1.1,1.1,14.8,6.5,,,,,,,,,,4.6,6.5,,-{박무}-0210.,
152,울산,2023-04-27,13.6,6.2,538,19.1,1245,,,,,,,7.7,160,1421,4.2,160,1437,2.2,1921,230,6.4,49,1218,62.6,9.8,1010.3,1021.7,950,1017.7,1,1020.0,13.5,12.0,1200.0,3.34,25.6,,,,,,1.0,0.5,17.2,3.4,,,,,,,,,,3.9,5.6,,,
152,울산,2023-04-28,16.7,7.2,548,23.3,1334,,,,,,,13.6,200,1754,8.9,200,1746,3.1,2709,200,7.2,30,1049,56.5,10.4,1006.7,1020.7,7,1013.1,1632,1016.3,13.5,12.6,1200.0,3.54,28.2,,,,,,1.5,1.0,19.3,1.8,,,,,,,,,,5.6,8.0,,,
152,울산,2023-04-29,16.5,11.6,2357,20.4,1311,0.5,538.0,0.8,521.0,12.35,3.5,10.5,200,724,5.9,200,559,2.8,2403,200,13.7,63,2306,84.3,16.0,996.9,1013.9,1,1002.5,1509,1006.3,13.6,0.0,1200.0,1.11,4.46,,,,,,8.9,6.8,16.9,9.7,,,,,,,,,,1.9,2.7,,{비}0205-{비}{강도0}0300-0338. {박무}0235-0255. {박무}0305-0345. {비}0420-0550. {박무}0425-0515. {박무}0535-0555. {비}0607-0820. {박무}0730-0810. {안개비}0830-{안개비}{강도0}0900-1025. {박무}0920-1020. {비}1355-1455. {비}1510-{비}{강도0}1800-1920.,
152,울산,2023-04-30,15.9,9.4,524,21.4,1632,,,,,,,9.2,320,900,6.2,200,1718,3.2,2748,270,3.0,25,1146,43.6,7.7,999.4,1011.0,2334,1006.4,1,1009.0,13.6,11.8,1200.0,3.52,26.89,,,,,,1.4,0.4,17.8,7.5,,,,,,,,,,5.5,7.9,,,
152,울산,2023-05-01,15.6,11.5,2346,22.0,1524,,,,,,,9.5,270,1333,5.3,270,1342,2.4,2045,290,2.7,15,1419,46.5,7.7,1006.3,1021.6,2332,1010.4,238,1015.9,13.6,12.5,1200.0,3.55,27.86,,,,,,0.8,0.8,19.1,7.3,,,,,,,,,,5.6,8.0,,,
152,울산,2023-05-02,15.4,7.8,550,22.5,1325,,,,,,,7.3,200,1341,3.6,180,1405,1.6,1366,140,6.4,21,1101,59.6,9.8,1013.4,1024.4,658,1021.3,102,1023.1,13.6,11.1,1300.0,3.37,25.51,,,,,,5.1,0.0,19.8,4.1,,,,,,,,,,4.3,6.2,,,
152,울산,2023-05-03,17.1,10.5,408,22.9,1117,,,,,,,9.7,230,1254,6.8,200,1629,2.6,2243,230,8.3,41,946,57.9,11.0,1011.8,1023.8,756,1019.2,1834,1021.4,13.7,3.0,1100.0,2.76,16.41,,,,,,7.4,1.9,18.9,6.6,,,,,,,,,,3.9,5.6,,,
152,울산,2023-05-04,17.9,14.8,456,22.5,1214,0.2,,0.8,2107.0,3.42,1.6,10.5,230,1803,7.0,230,1812,2.9,2479,180,12.3,50,1103,71.8,14.4,1006.5,1020.4,9,1012.7,2357,1016.0,13.7,2.2,1000.0,2.86,14.5,,,,,,9.5,5.1,19.6,12.5,,,,,,,,,,2.8,4.0,,{비}2035-{비}{강도0}2100-{비}{강도0}2400- {박무}2050-{박무}{강도0}2100-{박무}{강도1}2400-,
152,울산,2023-05-05,18.2,16.4,540,19.7,2003,1.9,603.0,8.1,521.0,23.17,37.6,15.0,230,2002,8.2,180,1245,4.6,4010,200,16.9,87,1536,92.0,19.2,997.2,1012.8,1,1003.3,2352,1006.5,13.7,0.0,1000.0,0.38,2.51,,,,,,10.0,8.9,18.3,16.5,,,,,,,,,,0.8,1.2,,-{비}-0050. -{박무}-0050. {비}0140-{비}{강도0}0300-{비}{강도1}0600-{비}{강도0}0900-{비}{강도0}1200-{비}{강도0}1500-{비}{강도0}1800-{비}{강도0}2100-{비}{강도0}2400- {박무}0220-{박무}{강도0}0300-0340. {박무}0450-{박무}{강도1}0600-{박무}{강도0}0900-0945. {박무}1005-1150. {박무}1215-1250. {박무}1330-1410. {박무}1445-{박무}{강도0}1500-1520. {박무}1620-{박무}{강도0}1800-1950. {박무}2210-{박무}{강도0}2400-,
152,울산,2023-05-06,13.1,11.0,1954,19.7,9,5.1,227.0,17.1,137.0,20.25,62.4,11.7,20,2243,7.0,200,4,3.5,3042,70,11.6,83,2227,91.0,13.9,998.1,1011.9,2050,1002.5,157,1007.7,13.8,0.0,1300.0,0.68,3.78,,,,,,9.9,8.5,15.4,10.9,,,,,,,,,,1.1,1.5,,-{비}-{비}{강도1}0300-{비}{강도1}0600-{비}{강도0}0900-{비}{강도1}1200-{비}{강도0}1500-{비}{강도0}1800-2015. -{박무}-{박무}{강도0}0300-{박무}{강도1}0600-{박무}{강도0}0900-{박무}{강도0}1200-1205. {박무}1250-{박무}{강도0}1500-1635.,
152,울산,2023-05-07,11.8,9.9,1602,13.3,918,0.5,1205.0,1.3,1509.0,8.42,3.2,10.8,20,452,6.3,50,1418,4.0,3443,50,7.4,64,929,75.1,10.3,1001.6,1012.8,2332,1009.9,1807,1011.4,13.8,0.0,1200.0,0.46,3.68,,,,,,8.5,5.3,11.6,9.1,,,,,,,,,,1.6,2.3,,{비}0950-{비}{강도0}1200-{비}{강도0}1500-{비}{강도0}1800-1815. {박무}1205-1220. {박무}1525-1540.,
152,울산,2023-05-08,13.5,8.5,539,18.8,1332,,,,,,,9.4,90,1136,5.1,90,1350,2.7,2313,70,2.2,20,1514,50.8,7.3,1006.3,1017.8,2041,1012.9,1,1016.0,13.8,11.9,1200.0,3.55,27.7,,,,,,5.1,0.0,15.3,6.2,,,,,,,,,,4.7,6.7,,,
152,울산,2023-05-09,16.2,6.7,532,25.0,1406,,,,,,,7.2,110,1139,3.7,180,1140,1.3,1100,160,4.4,24,1204,48.6,8.5,1005.4,1017.8,36,1012.3,1708,1015.0,13.9,12.8,1200.0,3.57,27.51,,,,,,1.4,0.0,17.9,3.6,,,,,,,,,,5.6,8.0,,,
152,울산,2023-05-10,18.1,12.9,16,24.8,1216,,,,,,,8.2,90,1408,4.9,90,1415,2.1,1853,90,8.2,29,1242,55.1,11.1,1006.0,1018.3,2337,1014.0,1,1015.5,13.9,8.5,1100.0,3.28,23.46,,,,,,5.3,0.0,18.2,9.0,,,,,,,,,,4.1,5.8,,{햇무리}1210-1320.,
152,울산,2023-05-11,15.5,11.3,401,20.3,1351,,,,,,,6.9,110,1128,4.8,90,1230,2.1,1774,90,9.2,40,1308,68.4,11.8,1010.0,1021.3,1022,1018.1,134,1019.6,13.9,8.9,1200.0,3.5,23.0,,,,,,5.3,2.5,18.0,8.5,,,,,,,,,,3.9,5.5,,{박무}0015-{박무}{강도0}0300-{박무}{강도0}0600-0640.,
152,울산,2023-05-12,17.4,9.6,536,22.5,1115,,,,,,,7.5,200,2203,4.8,230,2357,1.8,1595,200,8.4,27,1059,57.0,11.1,1007.4,1020.2,8,1014.2,1721,1016.9,14.0,9.9,1100.0,2.76,22.69,,,,,,7.8,3.4,18.7,6.6,,,,,,,,,,3.8,5.4,,,
152,울산,2023-05-13,14.6,13.2,636,17.3,1,0.4,615.0,0.9,550.0,9.33,2.7,6.8,200,211,4.2,200,210,1.4,1225,200,12.3,64,210,86.5,14.4,1003.8,1016.7,25,1010.7,1728,1013.5,14.0,0.0,1600.0,0.57,3.47,,,,,,8.9,8.1,15.9,12.7,,,,,,,,,,1.0,1.5,,{비}0020-0050. {비}0145-{비}{강도0}0300-0410. {비}0520-{비}{강도0}0600-{비}{강도0}0900-1145. {박무}0950-1150. {박무}1240-1350. {박무}2320-{박무}{강도0}2400-,
152,울산,2023-05-14,17.3,11.4,507,23.7,1247,,,,,,,5.7,200,1348,3.1,140,1703,1.2,1008,160,12.4,46,1709,75.4,14.4,999.3,1011.0,1,1007.0,1539,1008.8,14.0,11.7,1200.0,3.54,26.47,,,,,,1.4,1.4,20.9,8.5,,,,,,,,,,4.2,6.0,,-{박무}-{박무}{강도0}0300-{박무}{강도0}0600-0815. {박무}2125-{박무}{강도0}2400-,
152,울산,2023-05-15,19.5,12.6,512,25.1,1216,,,,,,,7.2,180,1302,3.5,160,1338,1.4,1186,160,11.8,35,1157,63.8,13.9,999.1,1009.8,2328,1006.4,1603,1008.5,14.0,12.8,1200.0,3.38,26.85,,,,,,1.1,0.0,22.7,9.3,,,,,,,,,,4.9,6.9,,-{박무}-0230. {박무}0405-0540.,
152,울산,2023-05-16,22.7,15.0,523,29.3,1241,,,,,,,5.9,250,1139,3.1,110,1303,1.2,1010,160,14.1,41,1132,60.0,16.2,1000.9,1012.7,2337,1008.0,1543,1010.2,14.1,12.6,1200.0,3.42,26.97,,,,,,1.5,0.0,25.5,11.6,,,,,,,,,,5.3,7.6,,{박무}0505-{박무}{강도0}0600-0640.,
152,울산,2023-05-17,23.5,16.7,546,30.7,1232,,,,,,,9.9,200,1432,5.6,230,1428,2.2,1862,230,11.3,19,1141,50.6,13.6,1003.7,1014.4,758,1011.0,1725,1013.0,14.1,12.4,1200.0,3.52,28.2,,,,,,3.9,0.0,26.0,11.5,,,,,,,,,,6.2,8.8,,{박무}2335-{박무}{강도0}2400-,
152,울산,2023-05-18,17.7,15.6,2146,20.4,1048,1.6,2306.0,4.7,2257.0,15.92,16.4,5.8,90,1908,3.2,70,1827,1.3,1089,90,14.9,63,1118,84.0,16.9,1001.7,1013.6,828,1008.7,2352,1011.2,14.1,0.0,1300.0,0.9,5.57,,,,,,9.6,5.5,19.4,14.3,,,,,,,,,,1.1,1.5,,-{박무}-0105. {비}0805-{비}{강도0}0900-{비}{강도0}1500-{비}{강도0}1800-{비}{강도0}2100-{비}{강도1}2400- {박무}0840-{박무}{강도0}0900-1050. {박무}1350-1430. {박무}1510-1610. {박무}1910-1950. {박무}2005-{박무}{강도0}2100-2150. {박무}2205-2220. {박무}2250-2350.,
152,울산,2023-05-19,16.9,15.5,346,19.7,1436,0.7,106.0,2.5,29.0,11.22,8.5,9.7,20,1958,5.5,50,1606,2.9,2470,50,14.0,70,1501,83.9,16.0,999.8,1012.2,2147,1006.9,510,1009.3,14.1,1.6,1400.0,2.54,10.26,,,,,,8.8,7.9,19.2,15.9,,,,,,,,,,2.2,3.2,,{박무}0040-0210. {박무}0220-0240. -{비}-{비}{강도0}0300-{비}{강도0}0600-0850. {박무}0305-{박무}{강도1}0600-0810. {박무}0835-0845. {박무}0855-{박무}{강도0}0900-0905. {비}0905-1030. {박무}0925-0935. {박무}0955-1015. {비}1115-1135. {비}1205-1240. {박무}1205-1235. {비}1302-1305.,
152,울산,2023-05-20,17.6,13.8,446,22.6,1331,,,,,,,5.6,110,1118,3.4,180,1433,2.0,1709,180,12.6,55,1412,73.9,14.6,1001.3,1012.6,743,1009.2,1627,1010.8,14.2,11.6,1100.0,3.48,27.51,,,,,,2.0,1.3,21.0,13.2,,,,,,,,,,4.4,6.3,,,
152,울산,2023-05-21,21.7,14.2,339,27.5,1159,,,,,,,5.7,50,2130,3.8,50,2135,1.5,1325,180,13.2,38,2103,61.4,15.4,997.6,1009.7,1,1004.4,1709,1006.8,14.2,12.4,1100.0,3.34,26.7,,,,,,2.6,0.0,23.5,12.2,,,,,,,,,,5.0,7.2,,{박무}0020-0210.,
152,울산,2023-05-22,16.7,13.2,2359,19.7,1,0.0,,0.0,,4.83,0.0,5.8,360,1003,3.3,290,1149,1.8,1562,320,10.4,52,1,67.1,12.6,998.2,1008.8,1351,1006.3,429,1007.7,14.2,0.0,1400.0,0.75,5.54,,,,,,7.9,5.6,17.4,11.1,,,,,,,,,,1.8,2.6,,{비}1215-{비}{강도0}1500-1705. {황사}1340-{황사}{강도0}1500-{황사}{강도0}1800-{황사}{강도0}2100-{황사}{강도0}2400-,
152,울산,2023-05-23,17.4,13.0,53,22.3,1211,,,,,,,7.9,90,1319,5.0,90,1341,2.1,1856,50,9.3,36,1514,61.4,11.7,1000.6,1013.1,2221,1008.3,352,1010.0,14.2,10.0,1100.0,3.51,25.63,,,,,,0.6,0.3,19.6,10.0,,,,,,,,,,4.5,6.4,,-{황사}-{황사}{강도0}0300-{황사}{강도0}0600-{황사}{강도0}0900-1105.,
152,울산,2023-05-24,17.4,11.4,451,22.4,1455,,,,,,,6.5,180,1346,3.4,200,1350,1.5,1278,140,10.7,44,1037,66.0,12.9,1005.6,1017.3,2322,1012.9,10,1015.1,14.3,8.9,1300.0,2.92,22.68,,,,,,5.5,1.1,23.8,8.5,,,,,,,,,,3.5,5.0,,,
152,울산,2023-05-25,18.1,13.4,400,22.9,1344,,,,,,,7.9,230,1953,5.3,230,1954,1.8,1540,160,10.9,28,1324,64.5,13.1,1007.3,1017.9,806,1015.2,1805,1016.8,14.3,7.9,1200.0,3.61,25.67,,,,,,5.4,2.8,23.0,11.5,,,,,,,,,,5.1,7.2,,,
152,울산,2023-05-26,19.9,16.3,35,23.4,1431,0.0,,0.0,,0.25,0.0,7.5,200,1541,5.6,200,1648,1.8,1578,200,14.1,51,1,69.8,16.2,1009.0,1019.5,950,1017.1,36,1018.5,14.3,1.0,1000.0,1.72,12.99,,,,,,8.8,6.1,21.8,14.7,,,,,,,,,,2.5,3.5,,{비}0505-0520.,
152,울산,2023-05-27,21.8,18.2,331,27.3,1413,0.0,,0.0,,0.05,0.0,9.3,200,1505,5.7,230,1513,1.9,1664,230,16.3,44,1223,72.3,18.5,1008.5,1019.8,730,1015.9,1620,1017.9,14.3,6.2,1200.0,3.49,21.94,,,,,,8.3,4.8,25.7,17.3,,,,,,,,,,4.1,5.8,,{비}2145-2148.,
152,울산,2023-05-28,21.8,19.3,708,23.5,1527,0.6,637.0,2.3,608.0,1.8,2.4,8.3,200,1528,5.4,200,1635,3.0,2566,200,18.1,72,103,79.9,20.8,1003.9,1017.0,1,1011.3,1801,1013.3,14.3,0.1,1200.0,1.5,8.77,,,,,,10.0,8.0,22.9,19.1,,,,,,,,,,1.7,2.5,,{비}0557-{비}{강도0}0600-0745. {박무}0630-0705.,
152,울산,2023-05-29,20.0,18.4,2304,22.5,13,3.8,541.0,8.1,526.0,21.8,59.0,5.4,90,1238,3.0,50,1240,1.1,935,20,19.1,81,7,95.0,22.1,1001.4,1012.5,2150,1009.2,947,1010.8,14.4,0.0,1100.0,0.34,2.59,,,,,,9.9,7.4,21.1,18.8,,,,,,,,,,0.7,1.0,,{비}0055-{비}{강도0}0300-{비}{강도1}0600-{비}{강도1}0900-{비}{강도1}1200-{비}{강도0}1500-{비}{강도0}1800-{비}{강도0}2100-2243. {박무}0250-{박무}{강도0}0300-0410. {박무}0450-{시정(미만)}{1km}{안개}0535-{시정(미만)}{0.5km}{안개}0545-{안개}{강도1}0600-{시정(이상)}{0.5km}{안개}0605-{시정(이상)}{1km}{박무}0610-{박무}{강도2}0900-1155. {박무}1230-{박무}{강도0}1500-1620. {박무}1750-{박무}{강도0}1800-1905. {박무}2110-2150.,0.58
152,울산,2023-05-30,18.1,16.6,2358,20.7,1445,0.5,1711.0,1.3,1635.0,2.92,1.4,6.3,20,1834,3.6,50,1538,1.9,1618,70,16.1,74,1449,88.6,18.3,1002.2,1013.0,2206,1010.5,1538,1011.6,14.4,0.1,1400.0,1.85,11.17,,,,,,8.9,7.1,20.6,16.5,,,,,,,,,,2.1,3.1,,{박무}0140-0205. {박무}0220-{박무}{강도0}0300-0330. {박무}0355-{박무}{강도0}0600-0720. {박무}0825-{박무}{강도0}0900-0940. {안개비}1040-1105. {안개비}1150-{안개비}{강도0}1200-1220. {비}1620-{비}{강도0}1800-1820. {박무}1635-{박무}{강도0}1800-1805.,
152,울산,2023-05-31,18.3,14.1,2400,22.5,1201,,,,,,,8.2,90,1129,5.2,90,1405,2.4,2113,90,11.6,34,1339,66.8,13.7,1002.4,1013.1,910,1010.7,1724,1011.8,14.4,9.9,1200.0,3.59,27.71,,,,,,3.4,2.9,21.1,11.8,,,,,,,,,,4.8,6.8,,,
152,울산,2023-06-01,16.3,12.8,432,20.4,1031,2.0,1146.0,5.2,1144.0,9.4,18.1,4.4,250,1139,2.7,290,1202,1.0,860,50,14.1,61,1039,87.4,16.3,997.6,1012.0,1,1003.4,2352,1007.1,14.4,0.3,1000.0,1.11,5.7,,,,,,9.5,5.4,18.3,10.9,,,,,,,,,,1.4,2.0,,{비}0948-1003. {비}1050-1112. {비}1123-{비}{강도0}1200-{비}{강도0}1500-1540. {박무}1145-{박무}{강도0}1200-1240. {박무}1305-{박무}{강도0}1500-1510. {박무}1550-1605. {비}1605-{비}{강도0}1800-2020. {박무}1635-{박무}{강도1}1800-{박무}{강도1}2100-{박무}{강도0}2400- {비}2250-2305.,
152,울산,2023-06-02,21.7,17.6,17,27.8,1311,4.9,324.0,10.8,323.0,2.33,11.9,7.5,110,1422,4.7,90,1406,2.3,1978,70,15.8,48,1308,70.9,18.1,991.5,1004.6,2341,998.5,1341,1000.7,14.4,9.9,1200.0,3.5,27.07,,,,,,4.6,2.1,23.9,16.9,,,,,,,,,,5.1,7.3,,-{박무}-0110. {비}0135-0220. {박무}0145-{박무}{강도0}0300-0450. {비}0315-0450.,
152,울산,2023-06-03,20.3,15.8,524,25.4,1152,,,,,,,7.0,160,1606,3.4,160,1607,1.6,1391,20,12.8,38,1433,65.1,14.9,997.6,1009.5,2327,1004.5,1,1007.0,14.4,12.4,1100.0,3.35,28.32,,,,,,1.9,1.0,25.1,14.3,,,,,,,,,,4.9,6.9,,,
152,울산,2023-06-04,22.4,15.1,428,28.9,1637,,,,,,,8.8,290,1230,5.0,290,1239,2.0,1760,290,9.5,24,1234,47.9,12.0,1000.0,1010.9,843,1007.4,1640,1009.3,14.4,10.0,1200.0,3.56,26.36,,,,,,5.5,0.0,23.7,12.3,,,,,,,,,,6.5,9.3,,,
152,울산,2023-06-05,22.7,19.2,9,26.5,1614,,,,,,,7.2,290,108,4.0,320,136,2.0,1696,230,11.8,29,111,50.6,14.0,1000.2,1010.8,844,1008.3,1700,1009.5,14.5,3.5,1600.0,1.5,14.33,,,,,,8.0,0.9,23.5,15.1,,,,,,,,,,3.2,4.6,,,
152,울산,2023-06-06,20.6,16.8,2357,24.8,1249,,,,,,,7.6,160,1306,4.0,140,1334,2.1,1773,180,14.0,49,1253,67.5,16.0,997.1,1009.1,1,1004.1,1631,1006.4,14.5,9.9,1200.0,3.53,26.27,,,,,,3.4,0.0,26.1,14.7,,,,,,,,,,4.8,6.9,,{박무}2340-{박무}{강도0}2400-,
152,울산,2023-06-07,22.8,16.4,145,28.9,1543,,,,,,,5.8,230,1530,3.9,270,252,1.6,1362,290,15.3,39,1535,64.3,17.4,998.6,1009.1,733,1006.5,1543,1007.9,14.5,10.0,1000.0,2.65,22.13,,,,,,5.5,0.3,25.6,13.8,,,,,,,,,,4.0,5.8,,-{박무}-0020. {박무}0050-0155.,
152,울산,2023-06-08,21.3,18.0,2358,26.3,1323,,,,,,,7.2,230,1153,4.8,230,1153,1.8,1530,140,14.9,45,1301,68.3,17.0,995.8,1007.8,1,1003.0,1751,1005.1,14.5,6.6,1400.0,2.78,20.72,,,,,,5.6,0.3,25.4,16.5,,,,,,,,,,4.2,6.0,,,
152,울산,2023-06-09,21.8,15.7,506,27.8,1436,,,,,,,6.4,140,1458,3.3,180,1141,1.2,1049,180,16.0,51,1030,71.6,18.2,994.5,1006.2,2225,1002.6,317,1003.7,14.5,12.5,1100.0,3.43,26.82,,,,,,0.5,0.5,27.3,13.4,,,,,,,,,,4.8,6.8,,{박무}2120-2310. {박무}2340-{박무}{강도0}2400-,
152,울산,2023-06-10,22.2,17.4,529,26.3,1210,,,,,,,7.9,140,1514,4.0,110,1221,1.8,1518,160,17.4,61,1306,75.4,19.9,996.8,1006.8,2032,1005.2,1701,1006.1,14.5,13.1,1200.0,3.45,28.22,,,,,,3.5,1.6,28.3,14.5,,,,,,,,,,4.8,6.8,,-{박무}-{박무}{강도0}0300-0340. {박무}0455-{박무}{강도0}0600-0705.,
152,울산,2023-06-11,21.8,19.2,422,26.4,1354,,,,,,,6.5,200,1957,4.2,200,2005,1.4,1222,200,18.5,63,1359,81.9,21.3,996.4,1007.0,2324,1003.6,1730,1005.7,14.5,5.6,1300.0,3.15,16.51,,,,,,7.4,5.8,27.1,18.2,,,,,,,,,,3.1,4.4,,,
152,울산,2023-06-12,21.6,18.5,519,26.8,1040,0.1,,0.1,,0.45,0.1,7.3,90,1150,4.7,90,1108,1.4,1220,90,17.9,58,1042,80.6,20.5,996.1,1006.9,1,1003.9,1742,1005.4,14.5,5.2,1100.0,2.7,19.11,,,,,,6.5,5.3,26.8,16.7,,,,,,,,,,3.2,4.6,,{박무}0125-{박무}{강도0}0300-{박무}{강도0}0600-0650. {소나기}1357-1424. {박무}2150-2250.,
152,울산,2023-06-13,22.5,19.1,539,26.3,1428,,,,,,,6.6,140,1435,3.1,140,1345,1.3,1098,180,18.1,60,1327,77.5,20.8,994.6,1005.6,3,1002.2,1725,1003.8,14.5,6.0,1300.0,2.8,20.15,,,,,,7.1,3.1,27.5,18.7,,,,,,,,,,3.4,4.9,,{박무}0210-{박무}{강도0}0300-{박무}{강도0}0600-0855.,
152,울산,2023-06-14,20.4,16.9,2334,25.7,1343,0.6,1648.0,1.5,1649.0,3.57,3.7,9.4,90,1433,5.3,90,1441,1.8,1569,50,17.6,61,1350,84.8,20.1,996.5,1008.5,2210,1003.3,21,1005.8,14.5,4.0,1300.0,3.17,16.29,,,,,,6.9,3.4,25.2,16.7,,,,,,,,,,2.9,4.1,,{박무}0350-{박무}{강도0}0600-{박무}{강도0}0900-0915. {소나기}1520-{비}1710-{비}{강도0}1800-1820. {박무}1605-{박무}{강도0}1800-{박무}{강도0}2100-2220. {비}2241-2315.,
152,울산,2023-06-15,19.5,14.9,443,24.7,1148,2.3,1352.0,2.3,1335.0,0.67,2.3,6.3,70,1256,3.8,110,1215,1.4,1248,20,16.2,55,1132,82.4,18.4,999.1,1010.9,2231,1007.0,1336,1008.5,14.6,6.0,1100.0,3.47,20.16,,,,,,3.4,2.5,22.4,13.8,,,,,,,,,,3.4,4.8,,{박무}0410-0455. {박무}0510-{박무}{강도0}0600-0730. {소나기}1335- ]{우박}[(d 0.5)(SW 30)/양산시 덕계동 일대/YTN1400-1410.1415. {박무}2340-{박무}{강도0}2400-,
152,울산,2023-06-16,23.4,17.1,303,29.9,1322,,,,,,,6.9,160,1533,3.0,70,1156,1.4,1208,290,16.7,44,1513,68.6,19.0,1002.4,1012.9,851,1010.1,1713,1011.7,14.6,13.0,1100.0,3.5,28.79,,,,,,1.3,0.5,28.1,15.7,,,,,,,,,,5.6,8.0,,-{박무}-{박무}{강도1}0300-{박무}{강도0}0600-0640.,
152,울산,2023-06-17,25.2,20.0,518,30.5,1318,,,,,,,6.0,90,1351,3.0,290,2136,1.4,1242,270,16.5,36,1045,59.9,18.8,1001.6,1013.1,444,1008.8,1713,1010.8,14.6,11.2,1200.0,3.49,27.47,,,,,,6.3,0.1,30.9,17.2,,,,,,,,,,5.3,7.6,,,
152,울산,2023-06-18,25.5,21.5,2357,31.3,1147,,,,,,,7.5,90,1455,5.2,90,1500,1.9,1678,90,15.9,37,1159,56.9,18.1,997.3,1009.3,4,1004.5,1608,1006.5,14.6,10.6,1100.0,3.64,27.23,,,,,,4.0,0.0,31.8,19.3,,,,,,,,,,5.7,8.2,,,
152,울산,2023-06-19,23.1,20.3,2352,27.4,1240,,,,,,,9.9,20,830,5.5,90,1316,2.6,2267,70,17.4,56,1202,71.4,19.9,998.5,1009.6,2147,1006.1,1554,1007.8,14.6,9.0,1200.0,3.47,25.94,,,,,,6.4,3.5,30.5,19.4,,,,,,,,,,4.8,6.9,,,
152,울산,2023-06-20,21.4,19.2,327,24.8,1143,0.0,,0.0,,0.22,0.0,8.6,110,1424,4.9,90,1409,2.3,2007,90,16.3,52,1323,73.6,18.5,997.3,1008.9,11,1005.0,2359,1006.6,14.6,7.6,1100.0,3.48,22.71,,,,,,7.6,3.8,29.2,18.2,,,,,,,,,,3.5,5.0,,{비}1741-1754.,
152,울산,2023-06-21,20.8,18.8,400,23.7,1600,1.9,542.0,5.2,523.0,12.42,14.5,9.3,180,1321,5.1,180,1327,1.6,1372,180,19.3,80,44,91.6,22.5,992.7,1005.5,31,999.8,1545,1002.0,14.6,0.0,1400.0,0.67,4.52,,,,,,10.0,7.1,22.7,19.0,,,,,,,,,,1.3,1.8,,{비}0030-{비}{강도0}0300-{비}{강도1}0600-{비}{강도0}0900-{안개비}1105-1150. {박무}0245-{박무}{강도0}0300-0340. {박무}0435-{박무}{강도1}0600-{박무}{강도1}0900-{시정(미만)}{1km}{안개}1055-{시정(이상)}{1km}{박무}1120-{박무}{강도0}1200-1330. {안개비}1233-1333. {박무}1630-1655. {안개비}1636-1641. {박무}1750-{박무}{강도0}1800-1810.,0.42
152,울산,2023-06-22,22.7,19.3,427,25.6,1629,,,,,,,5.0,180,1058,3.3,290,2335,1.3,1107,160,18.8,67,1114,79.5,21.7,993.5,1004.8,2350,1001.4,1720,1002.7,14.6,5.0,1500.0,2.34,18.87,,,,,,6.3,4.6,26.6,20.0,,,,,,,,,,3.4,4.9,,{박무}0620-0805.,
152,울산,2023-06-23,22.2,19.7,2133,26.2,1117,,,,,,,8.4,110,1403,4.8,90,1403,2.2,1896,90,16.9,57,1021,72.8,19.2,1000.4,1014.1,2307,1004.7,15,1009.7,14.6,10.1,1200.0,3.61,26.54,,,,,,4.5,2.1,27.5,18.5,,,,,,,,,,4.5,6.4,,,
152,울산,2023-06-24,21.4,18.2,519,26.0,1422,,,,,,,6.9,90,1237,4.4,110,1303,1.7,1489,90,17.1,60,1423,77.6,19.5,1005.8,1016.2,2313,1013.6,33,1015.1,14.6,8.4,1200.0,3.49,24.14,,,,,,7.9,1.9,27.7,17.3,,,,,,,,,,3.9,5.6,,,
152,울산,2023-06-25,22.2,19.4,1,26.1,1231,4.1,2211.0,9.8,2129.0,4.75,15.6,6.0,180,1439,2.7,180,1259,1.2,995,180,18.6,63,1145,81.0,21.4,1004.3,1016.2,1,1011.9,2357,1013.7,14.6,1.6,1200.0,2.2,15.5,,,,,,9.4,6.1,27.4,19.1,,,,,,,,,,2.5,3.6,,{비}1915-{비}{강도0}2100-{비}{강도0}2400- {박무}1950-{박무}{강도0}2100-{박무}{강도0}2400-,
152,울산,2023-06-26,24.1,20.6,28,26.4,1701,2.4,404.0,5.8,350.0,10.87,23.0,9.8,200,2055,5.8,230,1620,2.5,2186,200,21.8,77,1705,87.6,26.1,1000.0,1012.0,4,1007.9,1730,1009.3,14.6,0.0,1300.0,1.04,6.9,,,,,,9.9,6.9,24.6,21.1,,,,,,,,,,2.2,3.2,,-{비}-0110. {비}0210-{비}{강도0}0300-{비}{강도0}0600-{비}{강도0}0900-1152. -{박무}-{박무}{강도1}0300-0540. {박무}0605-0820. {박무}0925-1010. {박무}1045-1140.,
152,울산,2023-06-27,26.6,22.8,2356,30.3,1425,0.8,2223.0,2.7,2211.0,4.83,4.2,9.9,230,1120,6.7,230,1222,3.7,3212,200,21.5,59,1058,74.9,25.7,999.8,1011.9,2356,1007.3,303,1008.9,14.6,7.5,1000.0,3.08,23.49,,,,,,8.3,4.9,29.0,22.6,,,,,,,,,,4.4,6.3,,{비}0040-0055. {비}0120-0135. {비}0250-{비}{강도0}0300-0315. {비}0355-0410. {비}0450-0505. {비}0530-{비}{강도0}0600-0625. {비}2130-{비}{강도0}2400- {박무}2220-2250. {박무}2305-2310.,
152,울산,2023-06-28,23.4,19.4,558,28.3,1633,1.0,142.0,4.1,103.0,8.67,17.1,9.3,180,1559,6.1,200,1604,2.1,1774,200,20.1,63,1603,82.6,23.5,999.1,1012.3,128,1006.2,1702,1008.3,14.6,2.7,1600.0,1.76,12.66,,,,,,8.3,4.8,24.9,19.3,,,,,,,,,,3.0,4.3,,-{박무}-0015. {박무}0135-0220. -{비}-{비}{강도0}0300-{비}{강도0}0600-0725. {박무}0425-0530. {박무}0615-0650. {박무}0715-0720. {비}0815-{비}{강도0}0900-0930. {박무}0855-{박무}{강도0}0900-0940.,
152,울산,2023-06-29,25.5,21.9,247,29.5,946,5.3,1917.0,12.8,1828.0,3.13,13.6,11.0,200,1218,7.8,200,1224,3.3,2822,200,22.1,64,955,82.1,26.6,994.1,1006.7,44,1000.5,1823,1003.3,14.5,2.9,1000.0,2.68,13.03,,,,,,8.4,4.5,25.8,20.3,,,,,,,,,,2.5,3.6,,{박무}0140-0205. {박무}0240-{박무}{강도0}0300-0330. {박무}0350-0440. {비}1448-1458. {비}1611-1621. {비}1707-{비}{강도0}1800-1955. {박무}1820-1930.,
152,울산,2023-06-30,23.1,20.8,2332,26.7,1322,4.5,729.0,11.8,709.0,9.33,17.3,9.7,230,14,6.3,200,12,1.5,1274,230,21.3,77,1335,90.1,25.4,992.2,1003.8,2309,999.6,316,1001.4,14.5,0.1,1400.0,1.05,6.19,,,,,,10.0,7.0,25.2,21.3,,,,,,,,,,1.4,2.0,,{비}0050-0115. {비}0205-{비}{강도0}0300-0405. {비}0540-{비}{강도0}0600-{비}{강도1}0900-1025. {박무}0635-{박무}{강도2}0900-{박무}{강도0}1200-1205. {비}1403-1411. {비}1931-2042. {박무}2010-2050. {박무}2110-{박무}{강도0}2400- {비}2152-2243.,
152,울산,2023-07-01,23.1,20.4,2340,27.7,1428,,,,,,,5.5,180,1635,3.2,180,1636,1.3,1141,70,19.8,63,1324,82.8,23.1,996.9,1008.2,2316,1003.2,227,1006.2,14.5,5.5,1300.0,2.56,18.37,,,,,,5.3,4.0,26.2,19.3,,,,,,,,,,3.5,4.9,,-{박무}-{박무}{강도1}0300-{박무}{강도1}0600-0835. {박무}1950-{박무}{강도0}2100-{박무}{강도0}2400-,
152,울산,2023-07-02,25.9,19.8,405,32.2,1442,,,,,,,5.3,160,1523,3.1,50,1144,1.3,1082,320,21.1,50,1346,76.9,25.0,998.6,1008.8,900,1006.4,1652,1007.8,14.5,9.4,1100.0,3.16,24.13,,,,,,5.9,0.0,28.3,18.2,,,,,,,,,,4.3,6.2,,-{박무}-{박무}{강도0}0300-0555.,
152,울산,2023-07-03,24.7,21.4,502,29.1,1536,,,,,,,5.1,140,1728,3.2,90,1653,1.4,1205,90,21.4,65,1114,82.8,25.4,997.4,1008.4,3,1004.9,1625,1006.6,14.5,4.6,1200.0,2.26,18.31,,,,,,7.0,3.4,27.6,19.9,,,,,,,,,,3.1,4.4,,{박무}0205-{박무}{강도0}0300-{박무}{강도0}0600-0745. {박무}0805-0840.,
152,울산,2023-07-04,24.1,22.6,2,27.7,1350,0.3,2328.0,0.4,2238.0,7.0,0.7,5.4,140,1201,3.2,200,2025,1.3,1107,160,21.5,69,1356,86.1,25.7,993.6,1006.1,1,999.2,2359,1002.8,14.5,0.5,1300.0,2.45,11.4,,,,,,9.0,6.8,26.7,22.6,,,,,,,,,,2.3,3.3,,{박무}0405-0430. {비}1550-1620. {비}1730-{비}{강도0}1800-{비}{강도0}2100-{비}{강도0}2400- {박무}1750-{박무}{강도0}1800-{박무}{강도0}2100-2310. {박무}2325-2330.,
152,울산,2023-07-05,27.5,22.9,1,32.3,1507,4.8,548.0,7.4,530.0,7.33,13.9,9.4,200,1106,5.8,270,1255,2.9,2546,230,20.2,35,1600,68.0,24.0,986.2,1000.5,2312,991.8,1304,995.2,14.5,10.3,1300.0,3.51,27.18,,,,,,4.5,3.5,28.7,22.1,,,,,,,,,,6.0,8.6,,{박무}0005-{시정(미만)}{1km}{안개}0124-{시정(이상)}{1km}{박무}0158-{박무}{강도0}0300-0310. -{비}-{비}{강도0}0300-{비}{강도1}0600-0720. {박무}0405-0410. {박무}0505-0515. {박무}0535-{박무}{강도2}0600-0610.,0.57
152,울산,2023-07-06,26.9,21.1,356,33.2,1640,,,,,,,7.0,230,1355,4.3,230,1258,1.6,1406,230,17.9,33,1657,60.0,20.5,993.2,1004.3,2148,1000.1,19,1002.3,14.5,6.8,1200.0,3.38,23.15,,,,,,6.6,2.4,27.4,18.6,,,,,,,,,,4.9,6.9,,,
152,울산,2023-07-07,21.4,18.6,1732,25.1,1021,4.7,1706.0,13.7,1705.0,9.88,43.8,5.3,320,1857,3.6,290,400,1.4,1246,290,19.1,72,904,87.4,22.2,994.6,1005.2,1220,1003.1,1934,1003.9,14.5,0.0,800.0,0.69,4.31,,,,,,9.8,4.9,23.5,19.3,,,,,,,,,,0.9,1.3,,{박무}0020-0250. {박무}0350-0505. {박무}0755-0805. {비}1045-{비}{강도0}1200-1245. {박무}1120-{박무}{강도1}1200-1340. {비}1321-{비}{강도1}1500-{비}{강도1}1800-1934. {박무}1420-{박무}{강도1}1500-{박무}{강도1}1800-1850. {비}2020-{비}{강도0}2100-2120. {비}2320-{비}{강도0}2400- {박무}2350-{박무}{강도0}2400-,
152,울산,2023-07-08,21.8,19.3,1,24.3,1045,0.8,4.0,1.8,-2342.0,8.92,5.7,3.8,70,1221,2.4,270,534,0.8,730,70,20.4,83,1052,92.5,24.1,994.4,1005.6,2247,1002.1,404,1003.6,14.5,0.0,1000.0,0.74,5.26,,,,,,9.3,8.3,24.0,19.3,,,,,,,,,,1.1,1.5,,-{비}-0040. -{박무}-0040. {박무}0540-{박무}{강도0}0600-0820. {비}1030-1150. {박무}1105-1130. {비}1240-{비}{강도0}1500-{안개비}1710-{안개비}{강도0}1800-1935. {박무}1255-{박무}{강도1}1500-{박무}{강도0}1800-{박무}{강도0}2100-{박무}{강도1}2400-,
152,울산,2023-07-09,24.7,21.4,517,28.8,1229,,,,,,,9.1,230,1742,5.9,230,1746,1.3,1099,230,22.1,72,1234,86.3,26.6,994.7,1005.4,1,1002.0,1512,1003.9,14.4,2.0,1100.0,2.81,15.47,,,,,,7.6,4.4,27.2,22.0,,,,,,,,,,3.0,4.3,,-{박무}-{박무}{강도1}0300-{시정(미만)}{1km}{안개}0535-{시정(미만)}{0.5km}{안개}0540-{시정(미만)}{0.2km}{안개}0550-{시정(이상)}{0.2km}{안개}{강도1}0600-{시정(이상)}{0.5km}{안개}0655-{시정(이상)}{1km}{박무}0715-{박무}{강도0}0900-1150. {박무}2055-{박무}{강도0}2100-{박무}{강도0}2400-,1.67
152,울산,2023-07-10,26.8,22.6,543,30.5,1453,0.0,,0.0,,0.17,0.0,10.0,230,1553,7.0,230,1556,2.2,1939,230,22.6,61,1512,78.8,27.4,995.7,1006.8,2323,1003.3,1617,1004.8,14.4,8.7,1200.0,3.43,22.3,,,,,,5.6,1.3,28.6,21.5,,,,,,,,,,4.4,6.3,,-{박무}-{박무}{강도1}0300-{박무}{강도1}0600-0810. {비}0955-1005.,
152,울산,2023-07-11,24.2,22.1,1500,30.1,955,8.8,1924.0,10.0,1444.0,4.42,24.9,11.0,230,1440,6.8,200,1447,2.4,2060,200,22.0,66,957,88.4,26.4,997.3,1008.8,1919,1005.2,310,1006.5,14.4,1.9,900.0,1.9,9.28,,,,,,8.0,5.0,25.8,22.1,,,,,,,,,,1.4,2.0,,{박무}0350-0440. {박무}0535-{박무}{강도1}0600-0715. {비}1110-1155. {박무}1145-1150. {비}1202-1212. {박무}1205-1250. {비}1425-{비}{강도1}1500-1615. {박무}1435-{박무}{강도2}1500-1615. {비}1630-1725. {비}1855-1940. {박무}1910-2005.,
152,울산,2023-07-12,26.3,23.3,556,30.9,1339,1.3,346.0,1.9,337.0,2.17,2.7,9.1,230,1345,6.2,230,1403,2.4,2039,230,22.7,60,1524,81.4,27.5,996.5,1006.9,2206,1003.8,1557,1005.6,14.4,6.1,1300.0,3.51,20.49,,,,,,7.8,2.6,27.6,23.4,,,,,,,,,,4.0,5.7,,{비}0010-0020. {비}0310-0405. {박무}0345-0405. {비}0425-0450. {비}0620-0640. {비}0830-0850. {박무}2255-2340.,
152,울산,2023-07-13,26.0,24.0,201,27.0,1624,0.3,1024.0,0.7,953.0,4.83,1.2,7.9,200,2311,4.3,200,2209,1.6,1390,200,23.2,79,1624,85.4,28.5,996.8,1007.1,1238,1005.0,2357,1006.0,14.4,0.0,1100.0,0.81,6.56,,,,,,10.0,5.5,26.7,23.2,,,,,,,,,,1.6,2.3,,{박무}0125-{박무}{강도0}0300-0540. {비}0720-0750. {비}0830-{비}{강도0}0900-{비}{강도0}1200-1250. {박무}1020-1050.,
152,울산,2023-07-14,25.8,24.5,759,27.3,1149,1.4,753.0,4.8,717.0,12.67,13.6,14.0,230,1356,8.9,230,1103,4.5,3911,200,22.8,73,1221,84.1,27.8,993.1,1004.9,1,1001.3,1724,1002.3,14.4,0.0,1300.0,1.11,4.96,,,,,,9.9,7.1,25.3,24.5,,,,,,,,,,2.3,3.3,,{비}0225-0255. {비}0350-{비}{강도0}0600-{비}{강도0}0900-1040. {박무}0515-{박무}{강도0}0600-0845. {비}1235-{비}{강도0}1500-1755. {박무}1435-{박무}{강도0}1500-1510.,
152,울산,2023-07-15,27.3,25.1,2355,29.5,1136,1.0,2240.0,1.2,2220.0,3.07,1.6,15.1,230,336,8.8,230,324,4.7,4100,200,22.7,68,1141,76.1,27.5,993.6,1006.0,2317,1000.5,313,1002.7,14.4,1.1,1100.0,2.32,11.08,,,,,,9.5,5.4,26.3,24.1,,,,,,,,,,2.7,3.9,,{비}0425-0550. {비}0610-0710. {박무}0650-0710. {비}2220-2255. {비}2331-2335.,
152,울산,2023-07-16,24.1,22.1,528,27.2,1455,4.2,1204.0,13.3,1200.0,15.03,53.3,5.4,180,1653,3.5,200,323,1.5,1322,180,22.6,77,247,91.6,27.5,999.5,1011.7,2311,1005.4,30,1008.7,14.3,0.3,1300.0,1.79,8.32,,,,,,8.9,5.6,26.9,22.3,,,,,,,,,,1.9,2.7,,{비}0350-{비}{강도1}0600-0835. {박무}0450-{박무}{강도1}0600-0845. {비}0855-{비}{강도0}0900-0910. {비}0925-1035. {박무}0935-1035. {비}1110-{비}{강도1}1200-1305. {박무}1120-{박무}{강도0}1200-1255. {비}1340-1450. {비}1515-{비}{강도0}1800-1930. {박무}1615-1640. {박무}1745-{박무}{강도0}1800-1850. {무지개}1927-1931. {비}1938-2011. {박무}2015-2055. {비}2044-{비}{강도0}2100-2127. {박무}2120-2350. {비}2324-2340.,
152,울산,2023-07-17,27.2,22.8,4,31.4,1348,4.5,111.0,9.7,112.0,6.2,13.8,10.1,200,1104,6.6,230,1106,2.3,1952,230,23.4,62,1346,81.0,28.8,1003.0,1014.2,2137,1010.8,1507,1012.2,14.3,8.8,1100.0,3.37,24.99,,,,,,7.6,5.4,29.2,22.9,,,,,,,,,,4.4,6.3,,{박무}0005-0020. {비}0028-0047. {비}0104-{비}{강도1}0300-0310. {박무}0140-{박무}{강도1}0300-0310. {비}0326-0358. {비}1725-1735. {비}1755-{비}{강도0}1800-1920. {비}2112-2252.,
152,울산,2023-07-18,24.4,22.1,2358,26.5,1141,12.2,2103.0,26.9,2028.0,16.42,86.7,7.8,200,1610,4.6,180,1502,1.5,1293,180,23.2,85,924,93.1,28.4,1001.4,1013.9,525,1006.7,2319,1010.6,14.3,0.0,900.0,0.75,4.35,,,,,,10.0,8.4,26.4,22.6,,,,,,,,,,1.1,1.5,,{비}0247-0253. {비}0604-0658. {비}0835-{비}{강도0}0900-{비}{강도0}1200-{비}{강도1}1500-{비}{강도1}1800-{비}{강도1}2100-{비}{강도0}2400- {박무}1135-{박무}{강도0}1200-{박무}{강도1}1500-{박무}{강도1}1800-1910. {박무}1940-{시정(미만)}{1km}{안개}2052-{안개}{강도0}2100-{시정(미만)}{0.5km}{안개}2101-{시정(이상)}{0.5km}{안개}2109-{시정(이상)}{1km}{박무}2111-2225.,0.32
152,울산,2023-07-19,23.7,21.7,105,27.0,1113,0.0,,0.0,,0.5,0.0,6.2,90,1522,3.7,90,1525,1.8,1524,90,20.7,71,1114,84.3,24.4,998.4,1008.9,2218,1005.9,139,1007.6,14.3,4.3,1500.0,2.64,15.89,,,,,,6.3,6.3,26.8,21.5,,,,,,,,,,2.8,3.9,,-{비}-0010. {비}0335-0355.,
152,울산,2023-07-20,24.6,21.4,19,28.5,1147,,,,,,,5.4,160,1556,3.4,200,1337,1.1,914,180,21.2,68,1502,82.5,25.2,999.9,1010.9,2230,1008.2,1457,1009.1,14.2,6.2,1100.0,3.25,21.92,,,,,,5.5,2.5,28.5,20.9,,,,,,,,,,3.6,5.2,,{박무}0050-{박무}{강도1}0300-{박무}{강도0}0600-{박무}{강도0}0900-0940. {연무}1035-{연무}{강도0}1200-1250. {박무}2255-{박무}{강도0}2400-,
152,울산,2023-07-21,24.5,21.7,322,29.1,1401,,,,,,,4.9,110,1428,3.3,90,1326,1.0,874,140,20.3,54,1501,79.1,23.8,1004.1,1015.7,2339,1010.9,1,1013.4,14.2,5.0,1300.0,3.1,15.75,,,,,,4.3,3.3,26.9,20.4,,,,,,,,,,3.1,4.4,,-{박무}-0010. {박무}0105-0120. {박무}0155-0220. {박무}0350-0405. {박무}0535-0540.,
152,울산,2023-07-22,24.7,20.4,512,27.7,1408,0.0,,0.0,,0.28,0.0,4.9,160,1659,3.2,200,2204,1.3,1151,160,21.4,71,922,82.3,25.5,1005.3,1015.8,40,1013.2,1718,1014.6,14.2,2.2,1200.0,1.69,13.96,,,,,,6.9,5.3,27.4,19.3,,,,,,,,,,2.4,3.5,,{비}1135-1145. {비}1308-1315.,
152,울산,2023-07-23,26.7,24.4,234,30.6,1402,0.0,,0.0,,1.03,0.0,9.9,200,1122,6.2,230,1427,2.9,2531,230,23.2,64,1422,82.1,28.5,1001.2,1013.7,8,1008.3,1806,1010.4,14.2,2.4,1300.0,2.44,16.26,,,,,,8.5,3.3,27.6,23.7,,,,,,,,,,3.4,4.9,,{비}0057-0102. {비}0924-0931. {비}1946-1948. {비}2010-2058.,
152,울산,2023-07-24,27.1,24.5,2320,31.3,1252,2.4,1523.0,2.4,1515.0,1.22,2.7,10.2,200,1351,6.7,200,1401,2.8,2455,200,23.5,66,1248,81.3,28.9,1000.5,1011.9,2141,1008.2,1428,1009.7,14.2,5.0,1300.0,3.03,18.17,,,,,,6.8,4.6,29.0,23.4,,,,,,,,,,3.8,5.4,,{비}0730-0755. {비}0840-0848. {비}1515-1550. {비}1650-1655.,
152,울산,2023-07-25,27.4,23.3,235,31.6,1229,,,,,,,9.6,200,1356,6.2,230,1358,2.4,2083,200,22.5,57,1234,75.9,27.3,1004.0,1015.2,2258,1011.2,1,1013.2,14.1,9.2,1100.0,3.15,22.57,,,,,,3.4,2.0,29.2,22.8,,,,,,,,,,4.4,6.3,,,
152,울산,2023-07-26,27.2,24.2,342,31.4,1110,2.3,1430.0,2.3,,0.42,2.3,6.5,110,1435,4.3,110,1440,1.3,1134,290,23.5,64,946,81.0,28.9,1005.8,1016.4,823,1013.2,1712,1014.9,14.1,6.1,1100.0,2.82,20.07,,,,,,7.3,4.0,30.5,23.1,,,,,,,,,,3.8,5.4,,{소나기}1425-1440. {박무}1430-1440. {소나기}1520-1530. {박무}1750-{박무}{강도0}1800-{박무}{강도0}2100-2125.,
152,울산,2023-07-27,28.1,22.6,528,32.9,1421,,,,,,,5.4,180,1243,3.0,160,1634,1.2,1054,140,22.1,49,1409,71.9,26.7,1004.9,1015.5,609,1012.3,1632,1014.1,14.1,12.3,1100.0,3.25,26.98,,,,,,1.9,0.6,31.5,22.0,,,,,,,,,,5.3,7.6,,,
152,울산,2023-07-28,28.7,24.2,517,32.9,1330,,,,,,,5.7,180,1359,2.6,180,1312,1.2,994,180,22.3,52,1456,69.8,26.9,1004.9,1015.1,638,1012.4,1720,1014.0,14.1,11.6,1300.0,3.11,23.8,,,,,,4.0,0.1,32.2,23.2,,,,,,,,,,4.7,6.8,,{박무}0440-0555.,
152,울산,2023-07-29,28.5,24.2,533,33.1,1419,,,,,,,6.3,140,1619,2.8,140,1613,1.2,1041,160,22.7,48,1430,72.3,27.6,1005.1,1015.2,19,1012.8,1554,1014.2,14.0,12.8,1200.0,3.35,27.21,,,,,,0.8,0.4,32.9,22.8,,,,,,,,,,5.2,7.5,,{박무}0040-{박무}{강도0}0300-{박무}{강도0}0600-0830.,
152,울산,2023-07-30,28.2,24.2,531,32.8,1237,,,,,,,6.9,160,1427,3.8,140,1433,1.4,1246,140,22.9,55,1217,74.0,28.0,1004.1,1014.6,1,1011.3,1717,1013.2,14.0,12.5,1200.0,3.4,26.5,,,,,,1.3,0.8,33.2,22.9,,,,,,,,,,5.2,7.4,,,
152,울산,2023-07-31,28.1,23.5,549,32.7,1410,,,,,,,6.3,160,1447,3.1,160,1513,1.3,1112,290,21.5,45,1140,69.0,25.7,1003.0,1013.8,1,1010.8,1524,1012.1,14.0,11.3,1300.0,3.2,24.65,,,,,,4.9,0.8,33.2,22.3,,,,,,,,,,4.8,6.9,,,
152,울산,2023-08-01,28.2,23.6,506,32.9,1339,,,,,,,5.7,200,1531,3.2,110,1041,1.2,1049,160,21.4,45,1537,68.5,25.6,1001.7,1012.4,729,1009.0,1732,1010.8,14.0,11.7,1200.0,3.4,25.51,,,,,,3.1,0.5,33.7,22.4,,,,,,,,,,4.9,7.0,,,
152,울산,2023-08-02,28.3,24.3,341,32.6,1339,,,,,,,6.0,160,1408,3.0,140,1522,1.2,1034,140,23.6,61,1118,76.5,29.1,998.6,1010.3,6,1005.5,1751,1007.7,13.9,9.7,1300.0,3.06,21.38,,,,,,5.3,1.1,34.3,22.9,,,,,,,,,,4.1,5.8,,,
152,울산,2023-08-03,29.2,24.6,506,33.1,1121,,,,,,,7.6,140,1353,3.7,140,1255,1.3,1134,160,23.2,51,937,71.6,28.5,996.9,1007.0,15,1004.6,1744,1006.0,13.9,12.0,1100.0,3.23,25.1,,,,,,3.8,0.6,34.7,23.1,,,,,,,,,,4.9,7.0,,,
152,울산,2023-08-04,29.0,24.9,409,34.9,1246,,,,,,,6.6,160,1714,3.2,140,1403,1.3,1122,160,23.2,46,1205,72.5,28.4,995.1,1006.1,225,1002.8,2400,1004.2,13.9,10.9,1100.0,3.25,23.4,,,,,,3.5,0.9,34.5,23.4,,,,,,,,,,4.8,6.8,,,
152,울산,2023-08-05,29.1,24.7,444,33.2,1258,,,,,,,5.5,200,1200,3.3,180,1219,1.2,1053,180,23.4,57,1812,72.6,28.8,991.3,1002.9,9,998.0,1806,1000.3,13.8,12.5,1200.0,3.42,26.81,,,,,,1.0,1.0,35.8,23.1,,,,,,,,,,5.1,7.3,,,
152,울산,2023-08-06,29.0,25.6,509,33.0,1004,,,,,,,10.5,110,1542,4.8,90,1323,2.3,1959,110,23.1,56,1446,71.9,28.4,989.4,999.7,1,996.7,1544,998.4,13.8,12.6,1200.0,3.33,26.93,,,,,,2.9,1.4,36.1,24.2,,,,,,,,,,5.8,8.4,,,
152,울산,2023-08-07,27.7,25.0,2347,30.4,1036,0.0,,0.0,,0.25,0.0,8.2,70,1529,4.7,50,1400,2.9,2482,50,23.1,67,1038,76.9,28.3,990.5,1001.5,2349,998.4,330,999.5,13.8,3.1,800.0,1.85,12.61,,,,,,6.8,6.8,32.7,25.4,,,,,,,,,,2.7,3.8,,{소나기}1820-1825. {소나기}1905-1915.,
152,울산,2023-08-08,26.3,24.7,2326,29.6,1358,,,,,,,8.2,340,2344,4.7,340,2123,3.1,2700,50,22.2,68,1400,78.5,26.7,993.4,1004.1,2050,1001.0,332,1002.5,13.8,1.9,1200.0,2.59,14.53,,,,,,7.5,7.5,32.0,25.2,,,,,,,,,,3.1,4.5,,,
152,울산,2023-08-09,24.1,23.1,931,25.5,2328,4.3,1515.0,9.4,1444.0,13.28,36.7,15.7,70,2350,7.9,50,2155,4.2,3646,70,22.2,82,2,89.5,26.8,992.6,1004.1,923,997.6,2354,1001.7,13.7,0.0,1100.0,0.43,2.27,,,,,,9.9,8.1,25.9,23.4,,,,,,,,,,0.9,1.3,,{비}0815-{비}{강도0}0900-{비}{강도1}1200-1240. {박무}0920-1005. {박무}1035-1120. {비}1255-1320. {비}1355-{비}{강도0}1500-1620. {박무}1450-{박무}{강도0}1500-1605. {비}1645-1720. {비}1803-1855. {비}1925-{비}{강도0}2100-{비}{강도1}2400- {박무}2145-2210. {박무}2310-{박무}{강도0}2400-,
152,울산,2023-08-10,24.9,22.9,2351,27.0,1403,6.8,600.0,25.1,333.0,13.6,146.3,21.0,90,810,12.1,110,826,5.6,4812,200,22.5,74,2032,87.1,27.3,983.7,998.8,2359,986.5,1037,992.7,13.7,0.3,1300.0,1.38,5.36,,,,,,7.4,6.5,25.8,21.4,,,,,,,,,,2.0,2.9,,-{박무}-0020. {박무}0050-{박무}{강도1}0300-{시정(미만)}{1km}{안개}0355-{시정(이상)}{1km}{박무}0430-{박무}{강도2}0600-{박무}{강도1}0900-{박무}{강도0}1200-1250. -{비}-{비}{강도1}0300-{비}{강도1}0600-{비}{강도1}0900-{비}{강도1}1200-1305. {비}1504-1530. {비}1650-1655.,0.58
152,울산,2023-08-11,26.7,22.7,322,31.6,1349,,,,,,,9.7,200,1218,5.7,200,1449,2.9,2538,200,21.2,51,1248,72.9,25.2,992.7,1004.1,2227,998.8,1,1001.8,13.7,11.9,1200.0,3.19,26.14,,,,,,1.9,0.9,28.3,21.1,,,,,,,,,,5.1,7.3,,{박무}2030-{박무}{강도0}2100-2205.,
152,울산,2023-08-12,26.0,22.9,2308,30.8,1357,0.0,,0.0,,0.17,0.0,6.8,140,1320,3.3,140,1318,1.4,1182,140,21.6,55,1443,78.0,26.0,994.8,1005.4,2325,1002.5,1530,1003.9,13.6,5.8,1200.0,3.28,20.64,,,,,,5.8,2.6,28.7,21.8,,,,,,,,,,4.0,5.8,,{비}0545-0555.,
152,울산,2023-08-13,25.4,22.2,449,30.3,1114,,,,,,,7.1,90,1354,4.3,90,1450,1.9,1676,90,21.5,58,1110,80.0,25.7,996.0,1006.6,2307,1003.9,1500,1005.1,13.6,10.9,1200.0,3.32,25.89,,,,,,4.0,3.8,29.2,21.5,,,,,,,,,,4.7,6.7,,{박무}0305-{박무}{강도0}0600-0710.,
152,울산,2023-08-14,26.0,23.1,206,30.3,1516,,,,,,,6.4,90,1616,3.5,50,951,2.2,1887,50,21.7,59,1523,78.3,26.0,996.7,1006.7,952,1004.8,1543,1005.8,13.6,7.5,1200.0,2.76,20.72,,,,,,5.6,5.4,29.1,23.0,,,,,,,,,,3.8,5.5,,{박무}0440-{박무}{강도0}0600-0710.,
152,울산,2023-08-15,25.5,22.9,2325,29.1,1307,,,,,,,11.2,20,1210,5.4,50,755,2.9,2496,70,20.1,59,1308,73.0,23.6,995.0,1005.9,2,1002.5,1526,1004.1,13.5,8.1,1200.0,3.51,22.62,,,,,,4.5,4.3,29.1,21.6,,,,,,,,,,4.6,6.5,,,
152,울산,2023-08-16,25.0,22.4,57,28.7,1015,,,,,,,5.3,180,1031,3.4,200,1040,1.5,1295,20,21.1,65,1005,79.5,25.0,995.2,1005.8,2235,1003.5,1606,1004.4,13.5,3.9,1000.0,2.09,13.97,,,,,,7.5,6.4,28.3,21.6,,,,,,,,,,2.6,3.7,,,
152,울산,2023-08-17,24.6,22.7,546,26.8,1714,0.0,,0.0,,0.13,0.0,6.5,110,811,4.0,90,814,1.5,1284,50,21.4,71,1420,83.1,25.6,996.6,1006.8,951,1004.5,1648,1005.7,13.5,1.7,1600.0,1.01,8.3,,,,,,8.3,5.6,26.6,22.2,,,,,,,,,,1.4,2.0,,{비}2021-2025. {비}2356-{비}{강도0}2400-,
152,울산,2023-08-18,24.7,23.2,455,26.9,1732,7.3,2351.0,17.1,2301.0,8.53,41.4,4.8,360,1219,3.1,290,824,1.5,1319,320,23.2,83,1734,91.8,28.5,998.0,1009.4,2327,1006.1,312,1007.2,13.4,0.7,1200.0,1.14,5.97,,,,,,8.8,6.8,26.0,23.2,,,,,,,,,,1.2,1.7,,-{비}-0003. {비}0353-0520. {박무}0410-0530. {비}0640-{비}{강도1}0900-{비}{강도0}1200-1210. {박무}0650-0840. {박무}0905-1040. {박무}1120-{박무}{강도1}1200-1205. {비}2228-{비}{강도2}2400- {박무}2240-{박무}{강도1}2400-,
152,울산,2023-08-19,26.0,24.0,427,28.3,1218,7.3,325.0,24.6,325.0,6.05,28.9,5.3,110,1124,3.3,180,1538,1.0,831,20,24.4,81,1223,91.1,30.5,1000.9,1011.1,2324,1009.1,7,1010.1,13.4,0.7,900.0,1.55,7.22,,,,,,9.6,7.4,27.7,24.6,,,,,,,,,,1.5,2.2,,-{비}-0033. -{박무}-0040. {박무}0110-{박무}{강도0}0300-{시정(미만)}{1km}{안개}0325-{시정(미만)}{0.5km}{안개}0330-{시정(이상)}{0.5km}{안개}0335-{시정(이상)}{1km}{박무}0340-{시정(미만)}{1km}{안개}0350-{시정(이상)}{1km}{박무}0410-{박무}{강도0}0600-0605. {비}0310-0515. {박무}0650-0720. {박무}0845-0850. {비}1058-1148. {비}1250-1410. {박무}1310-1450. {비}1515-1610. {박무}1605-1615. {비}1725-1745. {박무}1740-{박무}{강도0}1800-{박무}{강도0}2100-{박무}{강도0}2400-,0.58
152,울산,2023-08-20,27.2,25.2,359,31.5,1231,0.4,215.0,1.3,155.0,2.73,1.8,5.9,110,1305,3.5,110,1326,1.3,1126,50,24.4,69,1234,85.5,30.6,1002.1,1012.1,2057,1010.2,1758,1011.3,13.4,5.7,1200.0,3.1,17.66,,,,,,6.9,6.4,29.6,25.6,,,,,,,,,,3.4,4.9,,{비}0131-{비}{강도0}0300-0415. -{박무}-{박무}{강도1}0300-0320. {박무}0345-0430. {박무}0730-0750. {박무}0820-0840.,
152,울산,2023-08-21,27.8,24.2,509,31.4,1217,,,,,,,6.7,160,1435,3.5,140,1421,1.2,1041,140,23.8,61,1327,79.8,29.5,999.8,1011.4,1,1007.1,1743,1009.0,13.3,11.7,1200.0,3.28,24.12,,,,,,2.4,1.9,30.8,23.4,,,,,,,,,,4.3,6.1,,{박무}0305-{박무}{강도0}0600-0650. {박무}2355-{박무}{강도0}2400-,
152,울산,2023-08-22,28.1,24.2,605,32.4,1359,,,,,,,10.5,230,1432,5.1,230,1433,2.1,1857,230,23.0,55,1558,75.0,28.1,996.9,1008.4,1,1004.0,1544,1006.0,13.3,8.5,1300.0,2.98,19.5,,,,,,3.3,3.3,29.3,23.6,,,,,,,,,,4.3,6.1,,-{박무}-0005. {박무}0030-0120. {박무}0205-0215. {박무}0605-0610. {박무}2350-{박무}{강도0}2400-,
152,울산,2023-08-23,27.8,23.8,455,32.3,1304,0.1,,0.1,,0.32,0.1,9.4,200,854,5.0,200,1745,1.9,1600,200,23.4,60,1029,78.1,28.9,997.1,1007.8,2201,1004.4,1530,1006.2,13.3,9.3,1000.0,2.53,20.04,,,,,,4.3,3.0,29.8,22.4,,,,,,,,,,3.7,5.3,,-{박무}-0205. {박무}0225-0230. {박무}0335-{박무}{강도0}0600-0610. {박무}0640-0705. {비}2046-2058. {비}2353-{비}{강도0}2400-,
152,울산,2023-08-24,25.0,23.2,441,27.9,1141,14.6,1904.0,35.3,350.0,14.03,105.3,10.0,200,2020,5.1,230,1714,2.1,1804,180,23.3,78,1127,91.1,28.7,998.2,1008.6,807,1006.2,2336,1007.3,13.2,0.0,1000.0,1.53,6.03,,,,,,9.9,6.3,26.7,23.7,,,,,,,,,,1.5,2.2,,{박무}0005-0040. {박무}0120-{박무}{강도0}0300-{시정(미만)}{1km}{안개}0350-{시정(이상)}{1km}{박무}0410-0440. -{비}-{비}{강도0}0300-{비}{강도0}0600-{비}{강도1}0900-0937. {박무}0550-{박무}{강도0}0600-{박무}{강도0}0900-0935. {비}1150-{비}{강도0}1200-1245. {비}1618-1725. {비}1825-1916. {비}2002-2013. {비}2124-2150. {비}2215-2305. {비}2355-{비}{강도0}2400-,0.33
152,울산,2023-08-25,26.2,21.8,54,31.6,1518,1.4,10.0,4.3,10.0,1.83,5.2,13.4,200,17,6.9,200,19,1.5,1266,290,21.6,47,1505,77.9,25.8,998.1,1008.8,2217,1005.4,409,1007.2,13.2,7.6,1200.0,3.42,21.27,,,,,,5.6,4.3,29.4,21.5,,,,,,,,,,4.3,6.1,,{박무}0005-0110. -{비}-0150.,
152,울산,2023-08-26,25.8,22.9,2353,30.4,1147,,,,,,,6.2,70,1607,4.0,90,1447,2.2,1866,90,20.6,51,1038,74.3,24.3,999.7,1010.0,732,1007.3,1505,1008.8,13.2,11.7,1200.0,3.23,24.72,,,,,,1.1,1.1,28.6,21.8,,,,,,,,,,4.6,6.5,,,
152,울산,2023-08-27,25.5,21.5,524,29.0,1114,,,,,,,9.6,110,1443,5.3,90,1253,2.3,1970,70,21.4,64,1242,78.9,25.5,999.5,1009.6,1,1007.3,1454,1008.7,13.1,8.4,1100.0,3.05,21.49,,,,,,4.9,3.8,28.3,20.7,,,,,,,,,,3.8,5.5,,,
152,울산,2023-08-28,25.1,23.2,740,27.4,1052,0.4,838.0,0.4,748.0,3.17,0.7,6.5,50,1052,3.6,70,1011,1.9,1639,70,22.3,72,1100,84.9,27.0,999.3,1009.2,1034,1007.5,1515,1008.5,13.1,1.1,1000.0,2.04,9.39,,,,,,8.0,6.6,26.9,22.9,,,,,,,,,,1.9,2.8,,{비}0610-0850. {박무}0840-0850. {비}1610-1620. {비}2250-2310.,
152,울산,2023-08-29,26.3,24.7,241,29.5,1042,0.2,,0.2,,2.78,0.2,13.2,200,1305,6.9,200,952,2.8,2388,200,23.3,67,1043,84.5,28.6,998.4,1008.9,2128,1006.3,1452,1007.6,13.1,1.0,1000.0,1.98,8.54,,,,,,8.1,4.4,27.4,23.9,,,,,,,,,,2.1,3.0,,{박무}0205-{박무}{강도0}0300-0530. {박무}0605-0630. {비}1250-1310. {비}1345-1355. {비}1440-1442. {비}1535-1537. {비}1717-{비}{강도0}1800-1915. {비}2210-2225.,
152,울산,2023-08-30,26.5,24.6,537,29.2,1235,0.0,,0.0,,0.75,0.0,8.3,200,1254,4.8,230,454,2.6,2245,200,23.2,69,1240,82.3,28.4,999.6,1009.9,910,1007.6,1652,1008.7,13.0,0.2,1200.0,1.64,6.42,,,,,,9.3,4.5,26.6,23.9,,,,,,,,,,2.0,2.8,,{비}0045-0050. {비}0440-0510. {비}0855-{비}{강도0}0900-0905.,
152,울산,2023-08-31,25.2,22.8,2257,29.9,1206,5.4,2155.0,14.5,2114.0,5.62,36.7,6.5,110,1330,3.7,70,942,1.8,1547,70,22.4,64,1147,85.4,27.1,1000.2,1011.0,2129,1007.8,430,1009.4,13.0,5.1,1200.0,2.76,16.09,,,,,,8.3,3.6,27.6,23.1,,,,,,,,,,2.6,3.7,,{비}0320-0345. {비}1350-1445. {박무}1405-1435. {비}1943-{비}{강도1}2100-{비}{강도0}2400- {박무}2005-2050. {박무}2105-2305.,
152,울산,2023-09-01,23.4,22.4,2359,25.4,1430,3.0,1534.0,8.9,1532.0,11.1,17.0,10.5,200,529,5.2,180,539,1.5,1262,90,21.9,79,1435,91.8,26.3,1001.9,1012.1,2034,1009.7,232,1011.2,13.0,0.0,1400.0,0.75,5.11,,,,,,10.0,8.0,25.9,22.8,,,,,,,,,,1.2,1.7,,{박무}0235-{박무}{강도1}0300-0530. -{비}-{비}{강도0}0300-0535. {비}0615-0650. {박무}0625-0640. {박무}0935-0950. {비}1312-1322. {비}1520-1655. {박무}1535-1655. {비}1709-1727. {박무}1715-1735. {비}1755-{비}{강도0}1800-1826. {박무}1805-1815. {비}1914-1920. {박무}1950-2030. {비}1954-2040. {비}2204-2250. {비}2316-{비}{강도0}2400- {박무}2320-{박무}{강도0}2400-,
152,울산,2023-09-02,23.8,22.0,2325,28.0,1327,1.5,121.0,4.3,49.0,6.87,5.9,7.3,90,1351,4.2,90,1356,1.7,1453,20,21.6,72,1329,88.0,25.8,1002.8,1013.3,2123,1011.0,508,1012.1,12.9,1.4,1300.0,1.91,12.09,,,,,,8.8,6.9,27.0,22.1,,,,,,,,,,2.3,3.3,,-{비}-0005. -{박무}-0005. {비}0040-0215. {박무}0040-0150. {박무}0220-{박무}{강도0}0300-0305. {비}0303-0305. {비}0420-0550. {박무}0440-0510. {비}1655-{비}{강도0}1800-2035.,
152,울산,2023-09-03,25.1,21.9,418,29.8,1237,,,,,,,6.4,90,1529,4.1,90,1428,1.6,1389,90,22.0,67,1042,83.9,26.5,1003.3,1013.2,720,1011.5,1436,1012.6,12.9,6.9,1200.0,2.76,18.79,,,,,,4.8,3.3,28.4,22.0,,,,,,,,,,3.4,4.8,,,
152,울산,2023-09-04,25.2,21.7,540,29.1,1221,1.4,1456.0,1.4,,0.92,2.1,8.6,50,2318,4.3,50,1804,2.2,1886,50,21.7,67,1041,81.8,26.0,1002.7,1012.9,23,1010.8,1425,1011.9,12.8,6.9,1200.0,2.37,16.41,,,,,,5.3,5.0,26.4,21.1,,,,,,,,,,3.2,4.6,,{비}1105-1110. {비}1450-{비}{강도0}1500-1510. {비}2110-2140.,
152,울산,2023-09-05,25.1,23.1,625,28.6,1255,,,,,,,10.0,200,956,5.9,50,1418,3.3,2891,70,19.5,51,1247,71.8,22.7,1001.9,1012.2,947,1009.9,1515,1011.1,12.8,9.6,1200.0,3.18,21.43,,,,,,5.4,2.4,26.4,21.1,,,,,,,,,,4.5,6.5,,,
152,울산,2023-09-06,24.6,23.0,537,27.3,1600,0.0,,0.0,,0.2,0.0,11.0,320,1842,5.6,70,1211,3.3,2823,50,19.7,63,1556,74.9,23.0,1002.2,1013.5,2306,1009.9,204,1011.4,12.8,5.5,1000.0,2.0,15.14,,,,,,6.5,5.6,25.7,21.4,,,,,,,,,,3.4,4.8,,{비}1122-1125. {비}1210-1212. {비}1736-1738. {비}2026-2031.,
152,울산,2023-09-07,23.5,20.6,538,27.1,1110,,,,,,,12.2,50,1317,6.1,50,1319,3.4,2926,50,18.0,57,1007,71.8,20.7,1004.7,1014.7,922,1013.1,101,1014.0,12.7,7.4,1300.0,3.06,20.07,,,,,,3.4,3.4,25.0,18.7,,,,,,,,,,4.2,6.0,,,
152,울산,2023-09-08,22.8,19.2,2400,26.7,1333,0.0,,0.0,,0.42,0.0,8.5,50,955,4.3,70,1138,2.5,2160,70,16.7,48,1334,69.5,19.0,1003.3,1014.2,1,1011.2,1630,1012.6,12.7,7.8,1100.0,3.02,19.23,,,,,,2.9,2.9,25.2,17.0,,,,,,,,,,3.9,5.5,,{비}0415-0440.,
152,울산,2023-09-09,22.0,17.6,604,26.7,1408,,,,,,,8.6,90,1451,4.7,90,1438,2.0,1766,90,16.9,55,1114,74.1,19.3,1002.3,1012.5,2200,1010.0,1615,1011.6,12.7,11.7,1100.0,3.43,23.75,,,,,,0.1,0.1,26.0,15.3,,,,,,,,,,4.2,6.0,,,
152,울산,2023-09-10,22.7,18.5,354,27.9,1206,,,,,,,6.8,90,1454,4.5,90,1508,1.9,1614,90,17.9,59,1038,75.4,20.6,1001.5,1012.3,13,1009.2,1600,1010.7,12.6,9.0,1200.0,3.17,21.94,,,,,,4.1,1.6,27.2,16.5,,,,,,,,,,3.9,5.6,,,
152,울산,2023-09-11,23.9,20.0,201,29.0,1232,,,,,,,5.4,90,1238,3.3,90,1300,1.4,1172,70,19.6,54,1107,78.1,22.9,1000.1,1011.1,2229,1007.8,1548,1009.4,12.6,8.6,1000.0,2.77,17.39,,,,,,3.6,2.3,26.6,18.6,,,,,,,,,,3.3,4.7,,,
152,울산,2023-09-12,25.0,21.4,420,29.0,1548,,,,,,,4.9,140,1617,2.4,180,1602,1.2,996,160,21.0,57,1204,79.8,24.9,1001.5,1011.8,2151,1009.0,1553,1010.7,12.5,3.6,1000.0,2.48,15.16,,,,,,8.3,4.3,27.8,20.0,,,,,,,,,,2.8,4.0,,,
152,울산,2023-09-13,24.1,21.8,2317,26.4,910,14.7,1724.0,25.6,1637.0,8.38,45.3,5.9,20,1727,3.3,270,2332,1.5,1287,320,22.2,78,921,89.6,26.7,1001.5,1012.1,1044,1009.0,1559,1010.8,12.5,0.2,1400.0,1.15,6.32,,,,,,9.5,5.5,26.7,21.8,,,,,,,,,,1.1,1.6,,{박무}0225-{박무}{강도0}0300-{박무}{강도0}0600-0720. {비}0958-1120. {박무}1015-1105. {비}1150-{비}{강도1}1200-1340. {박무}1205-1220. {비}1623-1740. {박무}1655-{시정(미만)}{1km}{안개}1720-{시정(미만)}{0.5km}{안개}1721-{시정(이상)}{0.5km}{안개}1728-{시정(이상)}{1km}{박무}1729-1736. {비}1810-1820. {비}1845-1905. {비}1925-2050. {박무}1950-2030. {비}2201-{비}{강도0}2400- {박무}2240-{박무}{강도0}2400-,0.15
152,울산,2023-09-14,22.3,21.1,449,23.9,1116,2.3,419.0,8.4,352.0,12.98,15.6,5.3,290,414,3.1,360,13,1.7,1452,320,20.6,84,1119,90.4,24.3,1003.3,1015.5,2116,1009.4,250,1012.7,12.5,0.0,1200.0,0.68,4.27,,,,,,10.0,5.8,24.0,21.5,,,,,,,,,,1.0,1.5,,-{박무}-0040. -{비}-0045. {비}0125-0135. {비}0255-{비}{강도0}0300-0540. {박무}0305-0505. {비}0620-{비}{강도0}0900-0958. {비}1155-{비}{강도0}1200-{비}{강도0}1500-1550. {비}1640-1710. {비}1910-1916. {비}1945-2055.,
152,울산,2023-09-15,23.4,21.7,143,25.8,1034,1.4,1303.0,3.6,1234.0,1.93,3.9,5.2,50,1045,2.7,320,601,1.6,1374,20,21.4,79,1040,89.3,25.5,1004.3,1015.2,8,1012.3,1635,1013.6,12.4,0.1,1400.0,0.94,6.29,,,,,,10.0,6.5,25.2,21.9,,,,,,,,,,1.3,1.9,,{비}0745-0750. {비}1055-1120. {비}1225-1335. {박무}1240-1335. {비}1530-1546. {박무}2015-2040. {박무}2105-2140. {박무}2305-2310. {박무}2335-{박무}{강도0}2400-,
152,울산,2023-09-16,23.2,21.7,135,25.1,903,1.5,1720.0,4.7,1105.0,8.82,19.6,3.0,250,1329,2.6,320,501,0.7,607,340,22.1,84,919,94.0,26.6,1003.8,1014.3,1045,1011.7,1539,1013.1,12.4,1.0,800.0,0.95,3.14,,,,,,9.6,6.6,25.0,21.0,,,,,,,,,,0.5,0.7,,-{박무}-{박무}{강도0}0300-0505. {박무}0540-{박무}{강도0}0600-0620. {박무}0840-{박무}{강도0}0900-{박무}{강도2}1200-1425. {비}0950-{비}{강도1}1200-1428. {비}1454-{비}{강도0}1500-{비}{강도0}1800-1905. {박무}1455-{박무}{강도0}1500-{박무}{강도1}1800-1855. {박무}2340-{박무}{강도0}2400-,
152,울산,2023-09-17,23.3,21.3,643,26.8,1251,14.9,618.0,44.5,534.0,5.85,61.9,5.2,110,605,3.1,360,610,1.3,1155,200,21.7,76,1256,91.1,26.0,1001.8,1012.6,955,1009.5,354,1011.1,12.4,0.5,1200.0,2.18,6.21,,,,,,9.1,5.3,24.5,21.3,,,,,,,,,,1.3,1.8,,-{박무}-0020. {비}0045-0106. {박무}0050-0230. {비}0148-0150. {박무}0310-{시정(미만)}{1km}{안개}0550-{안개}{강도0}0600-{시정(미만)}{0.5km}{안개}0611-{시정(이상)}{0.5km}{안개}0626-{시정(이상)}{1km}{박무}0630-0840. {비}0320-0405. {비}0425-{비}{강도2}0600-{비}{강도0}0900-0908.,0.67
152,울산,2023-09-18,25.0,21.6,416,29.7,1628,0.3,521.0,0.8,448.0,0.92,0.8,6.7,160,1332,3.9,200,1840,1.5,1264,160,21.9,64,1632,84.1,26.4,1003.0,1013.7,1022,1010.5,1528,1012.2,12.3,5.6,1300.0,2.25,14.83,,,,,,4.3,2.5,26.9,20.9,,,,,,,,,,2.9,4.2,,{비}0415-0420. {비}0448-0456. {비}0503-0545.,
152,울산,2023-09-19,24.4,20.9,556,30.2,1345,,,,,,,5.3,160,1133,3.0,290,1248,1.4,1244,290,19.4,49,1331,75.3,22.5,1004.0,1014.3,904,1011.6,1610,1013.3,12.3,8.5,1200.0,3.01,18.32,,,,,,4.0,1.0,26.4,18.9,,,,,,,,,,3.3,4.7,,{박무}0540-{박무}{강도0}0600-0610.,
152,울산,2023-09-20,22.3,20.5,553,25.3,1053,5.9,1821.0,22.9,1802.0,9.62,37.4,4.9,50,1748,3.0,340,1810,1.3,1143,320,20.1,71,1042,87.8,23.6,1000.7,1013.9,1,1004.1,2400,1010.0,12.3,0.0,1000.0,0.94,4.06,,,,,,9.8,6.1,23.5,19.2,,,,,,,,,,0.9,1.3,,{비}1250-1325. {비}1410-{비}{강도0}1500-{비}{강도0}1800-1930. {박무}1435-1450. {박무}1505-1520. {박무}1615-1620. {박무}1640-{박무}{강도2}1800-{시정(미만)}{1km}{안개}1812-{시정(이상)}{1km}{박무}1830-{시정(미만)}{1km}{안개}1836-{시정(이상)}{1km}{박무}1848-{박무}{강도1}2100-{박무}{강도1}2400- {비}2018-{비}{강도0}2100-{비}{강도1}2400-,0.5
152,울산,2023-09-21,19.5,17.8,2034,23.4,29,8.0,38.0,26.3,139.0,11.08,61.5,8.1,320,1200,4.5,230,132,2.4,2074,290,16.8,70,1320,84.8,19.2,1001.1,1014.3,2343,1003.7,129,1010.5,12.2,0.0,1300.0,0.94,5.49,,,,,,10.0,7.6,21.8,18.0,,,,,,,,,,1.5,2.1,,{시정(미만)}{1km}{안개}0030-{시정(이상)}{1km}{박무}0105-{박무}{강도2}0300-0320. -{소나기}-{소나기}0130-{비}0205-{비}{강도2}0300-{비}{강도0}0600-0835. {박무}0405-{박무}{강도0}0600-0640. {박무}0805-0820. {비}0915-1010. {비}1805-1850. {박무}1835-1840. {비}1950-2005. {비}2120-2155.,0.58
152,울산,2023-09-22,19.8,17.1,552,23.9,1330,,,,,,,6.6,90,1248,4.0,90,1344,1.9,1600,90,15.5,60,1357,77.1,17.6,1006.0,1017.7,2348,1014.1,22,1015.4,12.2,6.4,1000.0,2.36,15.7,,,,,,5.4,4.3,22.4,15.3,,,,,,,,,,2.8,4.0,,{박무}0130-0220.,
152,울산,2023-09-23,20.2,15.8,333,24.3,1145,0.3,2343.0,0.5,2255.0,1.0,0.5,10.0,320,1015,6.1,50,1354,2.8,2389,50,14.3,45,1151,71.3,16.4,1009.6,1021.0,2216,1017.0,259,1019.1,12.1,7.9,1100.0,2.69,17.32,,,,,,7.1,1.8,21.1,13.5,,,,,,,,,,3.9,5.6,,{비}2255-2355. {박무}2335-2350.,
152,울산,2023-09-24,21.6,19.0,1,24.5,1240,,,,,,,10.3,50,1254,5.7,50,1020,3.6,3093,50,14.4,45,1053,64.4,16.4,1010.0,1020.9,734,1017.8,2308,1019.4,12.1,8.0,1100.0,2.75,19.79,,,,,,5.8,4.5,22.2,17.5,,,,,,,,,,3.9,5.5,,,
152,울산,2023-09-25,21.7,20.1,433,23.5,1110,0.0,,0.0,,0.68,0.0,7.3,270,828,3.7,320,236,2.4,2098,20,17.2,69,956,76.1,19.6,1006.7,1018.0,1,1014.7,1629,1016.1,12.1,0.2,1000.0,1.0,6.97,,,,,,9.3,5.8,21.6,18.6,,,,,,,,,,1.5,2.1,,{비}1227-1233. {비}2210-2245.,
152,울산,2023-09-26,21.1,20.1,143,22.0,1516,1.1,820.0,2.0,807.0,8.83,4.1,3.5,340,547,2.3,290,551,0.9,757,20,19.8,87,1,92.6,23.1,1003.9,1015.3,1,1012.0,1539,1013.3,12.0,0.0,1100.0,0.57,3.04,,,,,,9.9,5.9,22.6,20.2,,,,,,,,,,0.8,1.2,,{박무}0520-{박무}{강도0}0600-{박무}{강도1}0900-1120. {비}0610-{비}{강도0}0900-1040. {비}1140-{비}{강도0}1200-1205. {박무}1150-{박무}{강도0}1200-{박무}{강도0}1500-{박무}{강도0}1800-{박무}{강도1}2100-{박무}{강도2}2400- {비}1305-1440. {비}1550-1740. {비}1855-1920. {비}1930-1935.,
152,울산,2023-09-27,23.2,20.7,457,27.4,1229,0.1,,0.1,,3.87,0.2,6.1,290,2130,4.4,290,2136,1.2,1036,290,20.5,63,1133,85.4,24.1,1001.5,1012.1,1,1009.2,1454,1010.8,12.0,3.7,1000.0,2.52,10.54,,,,,,8.0,7.6,25.0,20.0,,,,,,,,,,2.1,3.0,,{비}0223-{비}{강도0}0300-0424. -{박무}-{박무}{강도1}0300-{박무}{강도0}0600-0740. {박무}0815-0850. {비}1328-1421. {비}1850-1935. {박무}2055-{박무}{강도0}2100-2105. {비}2137-2150.,
152,울산,2023-09-28,23.6,20.2,2341,28.0,1524,,,,,,,8.2,290,1108,4.3,290,1035,2.2,1935,320,17.0,49,1527,67.9,19.4,1003.0,1014.0,2247,1010.7,202,1012.2,12.0,10.5,1200.0,2.87,20.2,,,,,,1.3,1.3,25.1,17.1,,,,,,,,,,4.0,5.6,,,
152,울산,2023-09-29,21.9,17.5,329,27.2,1240,,,,,,,7.1,90,1332,4.7,90,1338,2.1,1801,110,16.9,47,1235,74.8,19.3,1004.1,1015.3,758,1011.7,2358,1013.4,11.9,7.5,1200.0,2.84,17.89,,,,,,4.1,2.0,23.6,15.3,,,,,,,,,,3.1,4.4,,{박무}0425-{박무}{강도0}0600-0850. {박무}2115-2150. {박무}2225-{박무}{강도0}2400-,
152,울산,2023-09-30,19.4,15.3,910,24.3,1518,0.5,724.0,0.8,643.0,6.25,0.9,10.4,110,654,5.2,20,654,1.8,1572,320,14.7,41,1605,75.4,16.8,1000.9,1012.4,754,1008.0,1537,1010.3,11.9,4.4,1300.0,2.38,10.59,,,,,,7.4,3.4,21.7,14.5,,,,,,,,,,2.3,3.3,,{비}0010-0025. {비}0150-0155. -{박무}-{박무}{강도0}0300-0550. {비}0605-{비}{강도0}0900-0950. {박무}0625-0640. {박무}0715-0740. {비}1010-{비}{강도0}1200-1220.,
152,울산,2023-10-01,19.1,14.9,2317,23.6,1439,,,,,,,8.6,20,1248,4.7,320,1057,2.3,1973,320,10.4,32,1327,59.6,12.7,1003.5,1016.5,2355,1010.1,1,1013.0,11.9,9.4,1200.0,2.95,20.04,,,,,,2.1,0.0,20.8,11.7,,,,,,,,,,4.4,6.3,,,
152,울산,2023-10-02,17.9,13.8,205,23.8,1411,,,,,,,8.0,90,1520,4.8,90,1515,2.1,1841,340,8.7,24,1316,56.8,11.3,1007.9,1019.5,2342,1015.6,1459,1017.4,11.8,9.1,1200.0,2.98,19.52,,,,,,3.3,1.0,20.1,10.2,,,,,,,,,,4.1,5.9,,,
152,울산,2023-10-03,17.4,14.0,309,21.6,1044,0.2,,0.5,1656.0,1.75,0.5,5.6,180,1350,3.4,290,1404,1.6,1341,50,13.0,58,1051,76.1,15.1,1007.6,1019.5,116,1015.3,1605,1017.2,11.8,0.6,1000.0,1.43,6.69,,,,,,7.6,5.3,18.3,11.0,,,,,,,,,,1.5,2.2,,{비}1604-1623. {비}1642-{비}{강도0}1800-1808.,
152,울산,2023-10-04,19.4,14.5,558,24.9,1336,,,,,,,6.3,20,1114,3.8,20,1058,2.0,1731,290,12.0,34,1503,65.0,14.1,1003.1,1016.0,23,1010.1,1542,1012.5,11.7,9.7,1100.0,2.76,18.03,,,,,,5.9,0.0,21.0,11.6,,,,,,,,,,3.9,5.6,,,
152,울산,2023-10-05,16.6,12.7,2350,20.8,1512,,,,,,,10.1,340,634,5.3,290,640,2.6,2216,320,3.2,22,1348,42.1,7.9,1004.2,1016.8,2231,1010.2,17,1013.7,11.7,8.3,1200.0,2.94,19.31,,,,,,3.6,1.6,19.9,9.6,,,,,,,,,,4.3,6.1,,,
152,울산,2023-10-06,16.7,11.7,258,22.7,1400,,,,,,,5.5,90,1532,3.5,90,1533,1.8,1597,320,7.2,32,1341,54.5,10.2,1008.2,1019.4,2128,1015.7,1356,1017.8,11.7,8.4,1200.0,2.82,17.66,,,,,,7.1,2.5,19.5,7.7,,,,,,,,,,3.3,4.6,,,
152,울산,2023-10-07,17.8,14.1,557,22.2,1236,0.0,,0.0,,0.08,0.0,8.0,90,1215,4.7,90,1330,1.9,1614,50,10.6,43,1403,63.9,12.8,1012.1,1023.6,2208,1019.5,1,1021.6,11.6,3.0,1200.0,2.26,11.54,,,,,,9.1,5.9,19.6,12.4,,,,,,,,,,2.8,4.1,,{비}1808-1813.,
152,울산,2023-10-08,18.3,16.7,1844,19.5,1203,0.0,,0.0,,0.33,0.0,9.4,90,647,4.8,50,1520,3.0,2554,90,11.5,51,142,65.6,13.7,1012.5,1023.5,849,1020.8,2345,1022.0,11.6,0.2,1300.0,1.07,5.4,,,,,,9.1,5.3,19.3,15.2,,,,,,,,,,1.6,2.3,,{비}1910-1920. {비}2145-2155.,
152,울산,2023-10-09,17.6,15.1,2359,20.5,1244,0.2,,0.2,,1.17,0.2,7.1,360,613,3.8,290,652,2.2,1862,20,13.9,64,1255,79.5,15.9,1009.1,1021.0,7,1017.3,1705,1018.7,11.6,0.4,1000.0,1.62,7.02,,,,,,9.3,4.9,18.6,12.8,,,,,,,,,,1.5,2.2,,{비}0025-0035. {비}0423-0433. {비}0602-0652.,
152,울산,2023-10-10,17.5,13.5,625,21.8,1345,,,,,,,8.0,20,958,4.6,70,1456,2.4,2108,320,11.1,41,1506,67.9,13.3,1010.0,1022.3,2329,1017.2,437,1019.6,11.5,8.0,1000.0,2.46,15.52,,,,,,4.8,0.8,19.1,8.6,,,,,,,,,,3.1,4.4,,,
152,울산,2023-10-11,17.5,13.4,2308,22.0,1257,,,,,,,8.2,50,958,4.8,70,1019,2.5,2134,50,7.7,28,1311,54.9,10.6,1014.2,1025.0,2357,1022.1,12,1023.8,11.5,9.1,1200.0,2.52,17.69,,,,,,1.0,0.8,19.1,9.2,,,,,,,,,,4.0,5.7,,,
152,울산,2023-10-12,16.5,11.5,418,22.0,1234,,,,,,,8.6,110,1406,5.3,90,1302,2.2,1876,20,8.5,43,1336,60.5,11.1,1014.0,1025.6,855,1021.9,1504,1023.6,11.4,8.9,1300.0,2.45,16.14,,,,,,3.8,0.9,17.8,7.3,,,,,,,,,,3.0,4.4,,,
152,울산,2023-10-13,17.4,13.2,122,22.8,1339,,,,,,,6.5,90,1343,3.8,90,1542,1.6,1368,110,10.6,41,1255,65.6,12.8,1007.8,1022.4,7,1014.2,2358,1017.4,11.4,6.4,1100.0,2.29,14.9,,,,,,7.8,2.3,20.6,10.3,,,,,,,,,,2.7,3.9,,,
152,울산,2023-10-14,17.5,12.7,2304,23.9,1523,2.7,1915.0,3.1,1857.0,0.63,3.1,10.1,230,1907,5.4,270,1911,1.6,1397,320,11.2,34,1536,69.5,13.3,1000.0,1014.2,1,1006.4,1559,1009.5,11.4,6.4,1100.0,2.58,14.03,,,,,,5.5,3.9,20.3,10.3,,,,,,,,,,2.9,4.1,,{비}1857-1935. {박무}1915-1930.,
152,울산,2023-10-15,16.6,12.9,317,21.8,1531,,,,,,,9.9,320,1116,6.1,290,1134,2.6,2275,320,9.0,41,1503,62.4,11.5,1000.0,1012.1,2352,1007.6,349,1009.5,11.3,9.9,1200.0,2.69,17.96,,,,,,0.3,0.1,17.3,9.1,,,,,,,,,,3.6,5.1,,,
152,울산,2023-10-16,16.9,13.0,2311,22.3,1504,,,,,,,8.2,320,940,4.3,290,1025,2.0,1734,290,8.1,34,1308,57.8,10.8,1004.1,1015.6,2400,1011.9,1345,1013.6,11.3,9.9,1200.0,2.68,17.83,,,,,,0.0,0.0,18.0,8.2,,,,,,,,,,3.7,5.3,,,
152,울산,2023-10-17,15.2,10.0,645,22.4,1518,,,,,,,7.0,340,857,4.1,340,912,2.0,1698,340,6.4,34,1208,58.3,9.8,1008.3,1020.5,2249,1015.5,1,1018.0,11.3,9.8,1200.0,2.68,18.0,,,,,,0.0,0.0,16.8,6.4,,,,,,,,,,3.3,4.7,,,
152,울산,2023-10-18,16.6,8.9,513,24.9,1351,,,,,,,7.1,180,1549,4.9,230,1530,1.5,1336,290,7.7,29,1318,58.9,10.6,1009.5,1021.4,909,1016.4,1431,1019.1,11.2,9.8,1200.0,2.65,17.33,,,,,,1.5,0.1,19.9,3.7,,,,,,,,,,3.6,5.2,,,
152,울산,2023-10-19,18.1,12.3,531,23.3,1405,0.0,,0.0,,0.5,0.0,5.8,320,2331,3.4,270,1148,1.7,1478,230,9.8,32,1424,60.6,12.2,1005.7,1018.5,1,1012.8,2321,1015.2,11.2,4.6,1300.0,1.86,11.63,,,,,,6.4,5.1,20.4,7.8,,,,,,,,,,2.6,3.7,,{비}2330-{비}{강도0}2400-,
152,울산,2023-10-20,13.6,10.3,2400,17.5,1258,0.2,,0.4,548.0,6.42,0.5,13.2,320,1158,6.7,320,1313,3.1,2691,270,2.1,22,1306,49.4,7.5,1004.5,1017.6,2353,1012.1,1343,1014.2,11.2,7.2,1200.0,2.71,15.56,,,,,,3.8,3.3,15.8,6.3,,,,,,,,,,4.5,6.4,,-{비}-{비}{강도0}0300-0325. {비}0440-{비}{강도0}0600-0740.,
152,울산,2023-10-21,12.4,7.3,640,18.4,1442,,,,,,,10.6,320,259,5.2,340,52,2.4,2083,320,-0.1,27,1148,44.5,6.4,1009.8,1022.1,2337,1017.2,1451,1019.5,11.1,7.7,1100.0,2.53,15.26,,,,,,1.1,1.1,16.6,3.6,,,,,,,,,,2.9,4.2,,,
152,울산,2023-10-22,14.0,6.3,627,20.2,1339,,,,,,,5.9,320,2245,3.7,290,2021,1.7,1486,270,2.5,24,1037,49.0,7.4,1012.3,1023.3,759,1019.9,1411,1022.0,11.1,7.6,1000.0,2.29,14.6,,,,,,4.9,0.0,17.4,1.6,,,,,,,,,,3.0,4.3,,,
152,울산,2023-10-23,15.2,11.2,301,21.8,1415,,,,,,,5.5,50,1057,3.0,50,1057,1.6,1422,320,7.6,31,1243,62.3,10.4,1012.4,1024.1,745,1020.2,1641,1022.1,11.1,9.5,1200.0,2.5,16.04,,,,,,0.6,0.0,18.9,5.9,,,,,,,,,,2.9,4.1,,,
152,울산,2023-10-24,15.1,9.4,555,21.9,1339,,,,,,,5.3,160,1352,3.9,270,1958,1.2,1069,290,8.3,39,1130,65.6,10.9,1009.9,1022.4,800,1016.9,1615,1019.6,11.0,6.4,1100.0,2.47,12.79,,,,,,3.6,0.4,15.8,4.4,,,,,,,,,,2.4,3.5,,,
152,울산,2023-10-25,16.2,12.4,212,23.3,1403,,,,,,,5.4,110,1144,2.9,360,1036,1.5,1282,320,9.8,40,1347,67.4,12.1,1007.5,1018.8,801,1015.2,1356,1017.1,11.0,9.4,1200.0,2.39,15.46,,,,,,0.0,0.0,19.9,7.4,,,,,,,,,,2.8,3.9,,,
152,울산,2023-10-26,17.3,11.6,152,24.4,1408,,,,,,,5.6,50,1106,3.4,340,1105,1.4,1229,290,9.5,36,1612,63.1,11.9,1004.2,1016.8,1,1011.5,1600,1013.7,11.0,9.4,1200.0,2.36,14.74,,,,,,1.5,0.3,20.3,5.7,,,,,,,,,,2.9,4.1,,,
152,울산,2023-10-28,13.9,7.9,0617,20.0,1332,,,,,,,6.7,110,1454,4.0,90,1523,1.5,1283,320,7.9,39,1318,69.3,10.7,1008.6,1020.6,2319,1016.1,1350,1018.2,10.9,8.3,1200,2.46,14.23,,,,,,1.9,1.9,18.3,3.3,,,,,,,,,,2.4,3.4,,,
